layer,en,hi,mr,mixed
0,0.9655757,0.9376446,0.9366396,0.94662005
1,0.14054218,0.21538307,0.22782713,0.1945842
2,0.12967458,0.1963249,0.20243979,0.17614645
3,0.118577756,0.17366117,0.17595926,0.15606607
4,0.11836797,0.12836553,0.12609747,0.12427699
5,0.10577583,0.15812714,0.15371944,0.1392075
6,0.108910635,0.12930514,0.12783451,0.12201673
7,0.10108313,0.12635423,0.12405035,0.11716249
8,0.08768286,0.09271608,0.092738435,0.09104582
9,0.07254767,0.0666822,0.06800596,0.069078594
10,0.06647835,0.0600386,0.061486617,0.06266787
11,0.06532025,0.05967189,0.0600421,0.061678078
12,0.04711617,0.048793793,0.050029997,0.04864667
13,0.048847776,0.05189053,0.053501576,0.0514133
14,0.039462775,0.042909704,0.04476609,0.04237954
15,0.036923774,0.03716304,0.03918339,0.03775673
16,0.035518378,0.03247679,0.033903,0.033966072
17,0.03973826,0.050643496,0.05263988,0.047673877
18,0.048891425,0.054762486,0.05562183,0.053091936
19,0.067167826,0.0852096,0.08553797,0.07930509
20,0.056017097,0.06065555,0.06306682,0.05991317
21,0.07435278,0.09937018,0.10472954,0.0928175
22,0.066513754,0.13806684,0.14094442,0.11517507
23,0.06146634,0.1129973,0.119368516,0.097944014
24,0.050679408,0.073895894,0.07404729,0.06620755
25,0.04751655,0.0835982,0.08663968,0.07258482
26,0.04529306,0.07941677,0.08274081,0.06915025
27,0.238729,0.24812795,0.2625206,0.2497924
