layer,en,hi,mr,ta,lb_mean,lb_rank_mean,lb_minimax_rank
0,0.9653276,0.937394,0.9364795,0.9311358,0.9464004,1.0,1.0
1,0.14021963,0.2165172,0.22602864,0.21328835,0.19425516,0.9259259259259259,0.9259259259259259
2,0.13066202,0.1978789,0.20097485,0.17672418,0.17650525,0.8888888888888888,0.8888888888888888
3,0.120086975,0.17533293,0.17648555,0.1756686,0.15730183,0.8518518518518517,0.8518518518518519
4,0.117980205,0.12898451,0.12663646,0.12677823,0.124533735,0.7407407407407408,0.8148148148148148
5,0.105122186,0.15891868,0.15561801,0.12622806,0.13988629,0.7901234567901234,0.8148148148148148
6,0.10966855,0.12973872,0.12861627,0.12021609,0.12267452,0.7530864197530865,0.7777777777777778
7,0.101846784,0.12700118,0.12524983,0.12080148,0.1180326,0.6790123456790123,0.7037037037037037
8,0.0881677,0.092417866,0.092969224,0.082907915,0.09118494,0.5925925925925927,0.6666666666666666
9,0.073139206,0.06679144,0.06856915,0.061280183,0.06949993,0.4444444444444444,0.5925925925925926
10,0.06664398,0.06044762,0.061547995,0.055498887,0.06287987,0.35802469135802467,0.5185185185185185
11,0.06565809,0.060794253,0.0602224,0.055236302,0.062224913,0.3333333333333333,0.4444444444444444
12,0.046332475,0.0489092,0.04972073,0.04617536,0.0483208,0.13580246913580246,0.18518518518518517
13,0.048107654,0.052034598,0.053709745,0.051002607,0.051284,0.2098765432098765,0.25925925925925924
14,0.038799554,0.04304464,0.0453049,0.042424116,0.04238303,0.07407407407407407,0.07407407407407407
15,0.036556803,0.037787452,0.039380517,0.03834714,0.037908256,0.037037037037037035,0.037037037037037035
16,0.035615094,0.032914136,0.034451615,0.030798078,0.034326952,0.0,0.0
17,0.03949506,0.051296283,0.053478513,0.048933692,0.04808995,0.13580246913580246,0.14814814814814814
18,0.04830472,0.05545318,0.05627366,0.053300332,0.05334385,0.24691358024691357,0.2962962962962963
19,0.0665322,0.086048745,0.08607485,0.09691112,0.079551935,0.49382716049382713,0.5185185185185185
20,0.055868383,0.061446484,0.06368156,0.056610074,0.060332138,0.345679012345679,0.37037037037037035
21,0.07407042,0.10145947,0.10547974,0.08611517,0.093669884,0.6049382716049383,0.6296296296296297
22,0.06737238,0.13909093,0.14190458,0.13943936,0.116122626,0.7037037037037037,0.7777777777777778
23,0.061329495,0.11497122,0.12190662,0.12499571,0.09940245,0.5555555555555555,0.6296296296296297
24,0.04999681,0.07541924,0.075950816,0.07024168,0.06712229,0.38271604938271603,0.4074074074074074
25,0.047808513,0.08519902,0.088554084,0.06279444,0.07385387,0.40740740740740744,0.5185185185185185
26,0.045926508,0.08060904,0.08494043,0.06255266,0.07049199,0.345679012345679,0.4444444444444444
27,0.23525266,0.24871814,0.26318607,0.2210124,0.24905229,0.9629629629629629,0.9629629629629629
