language,chunk_index,article_id
en,0,64543413
en,1,64559865
en,2,64523928
en,3,64567202
en,4,64569563
en,5,64538699
en,6,64545363
en,7,64512403
en,8,64562182
en,9,64541275
en,10,64537146
en,11,64560958
en,12,64512693
en,13,64527974
en,14,64540062
en,15,64536355
en,16,64504593
en,17,64534017
en,18,64550025
en,19,64560039
en,20,64552242
en,21,64532324
en,22,64538870
en,23,64572397
en,24,64555253
en,25,64567033
en,26,64542484
en,27,64534340
en,28,64523160
en,29,64568263
en,30,64569379
en,31,64526646
en,32,64547858
en,33,64566291
en,34,64531756
en,35,64504362
en,36,64562064
en,37,64511527
en,38,64557287
en,39,64537962
en,40,64505016
en,41,64553822
en,42,64505015
en,43,64522769
en,44,64560011
en,45,64551260
en,46,64564739
en,47,64506798
en,48,64544867
en,49,64551068
en,50,64510616
en,51,64543110
en,52,64570619
en,53,64559566
en,54,64522107
en,55,64542390
en,56,64507307
en,57,64539365
en,58,64563901
en,59,64519860
en,60,64507625
en,61,64560550
en,62,64511614
en,63,64568457
en,64,64555295
en,65,64509420
en,66,64513858
en,67,64563919
en,68,64549245
en,69,64507509
en,70,64508593
en,71,64517368
en,72,64557797
en,73,64566368
en,74,64546173
en,75,64514828
en,76,64515403
en,77,64574649
en,78,64538194
en,79,64513245
en,80,64572404
en,81,64541944
en,82,64529797
en,83,64513455
en,84,64569296
en,85,64571283
en,86,64531423
en,87,64572481
en,88,64511573
en,89,64563452
en,90,64509791
en,91,64568084
en,92,64551537
en,93,64527530
en,94,64566516
en,95,64563392
en,96,64573459
en,97,64568205
en,98,64560059
en,99,64574539
en,100,64513427
en,101,64536370
en,102,64538020
en,103,64537854
en,104,64572070
en,105,64551708
en,106,64574444
en,107,64558035
en,108,64560118
en,109,64555560
en,110,64533046
en,111,64548049
en,112,64533893
en,113,64573180
en,114,64526692
en,115,64532476
en,116,64568406
en,117,64507584
en,118,64556709
en,119,64553656
en,120,64532150
en,121,64514823
en,122,64570089
en,123,64548807
en,124,64566591
en,125,64555948
en,126,64528308
en,127,64538953
en,128,64566460
en,129,64523088
en,130,64550455
en,131,64549491
en,132,64560456
en,133,64541506
en,134,64572984
en,135,64543910
en,136,64565539
en,137,64569497
en,138,64560049
en,139,64562560
en,140,64535883
en,141,64554947
en,142,64552455
en,143,64512939
en,144,64523930
en,145,64506621
en,146,64571793
en,147,64531140
en,148,64559441
en,149,64541061
en,150,64516028
en,151,64537639
en,152,64569428
en,153,64532428
en,154,64521240
en,155,64519771
en,156,64571350
en,157,64539909
en,158,64507694
en,159,64548904
en,160,64524300
en,161,64568069
en,162,64529265
en,163,64576413
en,164,64537391
en,165,64534324
en,166,64533667
en,167,64510562
en,168,64505554
en,169,64540910
en,170,64515093
en,171,64504697
en,172,64515988
en,173,64569365
en,174,64545148
en,175,64528607
en,176,64536394
en,177,64514667
en,178,64534127
en,179,64552573
en,180,64531700
en,181,64568241
en,182,64547519
en,183,64570304
en,184,64574291
en,185,64508897
en,186,64511246
en,187,64533201
en,188,64553177
en,189,64542234
en,190,64510668
en,191,64570775
en,192,64513782
en,193,64566094
en,194,64549274
en,195,64573695
en,196,64524767
en,197,64504353
en,198,64530943
en,199,64519596
hi,0,558676
hi,1,561167
hi,2,545823
hi,3,526007
hi,4,549700
hi,5,530918
hi,6,509158
hi,7,553392
hi,8,547472
hi,9,543244
hi,10,536724
hi,11,503972
hi,12,562731
hi,13,510334
hi,14,560482
hi,15,548663
hi,16,516733
hi,17,543130
hi,18,519809
hi,19,504651
hi,20,502831
hi,21,552112
hi,22,546458
hi,23,505824
hi,24,561850
hi,25,552308
hi,26,557926
hi,27,546204
hi,28,538457
hi,29,509764
hi,30,553611
hi,31,560528
hi,32,511524
hi,33,503423
hi,34,508493
hi,35,552768
hi,36,504901
hi,37,515660
hi,38,547627
hi,39,539364
hi,40,524693
hi,41,512672
hi,42,508024
hi,43,513364
hi,44,532939
hi,45,561132
hi,46,563761
hi,47,510770
hi,48,526015
hi,49,511604
hi,50,560762
hi,51,552481
hi,52,552417
hi,53,511440
hi,54,557626
hi,55,565063
hi,56,508160
hi,57,531912
hi,58,538794
hi,59,535928
hi,60,521310
hi,61,531133
hi,62,530178
hi,63,534533
hi,64,551998
hi,65,558080
hi,66,531571
hi,67,547790
hi,68,546475
hi,69,524031
hi,70,528402
hi,71,505737
hi,72,519439
hi,73,527879
hi,74,559909
hi,75,560835
hi,76,524837
hi,77,523674
hi,78,560225
hi,79,554614
hi,80,523372
hi,81,556337
hi,82,542900
hi,83,510670
hi,84,537195
hi,85,529994
hi,86,554258
hi,87,539491
hi,88,549849
hi,89,551743
hi,90,544149
hi,91,507442
hi,92,541871
hi,93,549232
hi,94,516400
hi,95,513822
hi,96,553324
hi,97,532725
hi,98,558553
hi,99,507720
hi,100,533773
hi,101,505945
hi,102,554294
hi,103,540633
hi,104,530622
hi,105,530244
hi,106,522294
hi,107,508835
hi,108,553463
hi,109,533380
hi,110,538008
hi,111,510581
hi,112,560172
hi,113,512417
hi,114,535158
hi,115,547465
hi,116,560180
hi,117,557433
hi,118,507017
hi,119,561557
hi,120,551983
hi,121,552377
hi,122,508995
hi,123,554609
hi,124,552392
hi,125,552986
hi,126,526958
hi,127,521722
hi,128,530695
hi,129,505411
hi,130,550601
hi,131,537222
hi,132,524148
hi,133,561768
hi,134,526081
hi,135,548595
hi,136,548844
hi,137,519251
hi,138,564144
hi,139,523402
hi,140,506577
hi,141,557288
hi,142,562498
hi,143,526321
hi,144,551820
hi,145,552082
hi,146,552779
hi,147,556762
hi,148,522505
hi,149,548661
hi,150,549304
hi,151,552919
hi,152,502564
hi,153,531736
hi,154,532674
hi,155,557469
hi,156,525837
hi,157,553290
hi,158,532850
hi,159,545093
hi,160,565975
hi,161,531774
hi,162,521415
hi,163,525287
hi,164,521409
hi,165,551528
hi,166,550774
hi,167,555280
hi,168,570510
hi,169,532141
hi,170,505333
hi,171,509268
hi,172,506082
hi,173,569540
hi,174,528013
hi,175,522033
hi,176,524679
hi,177,531229
hi,178,566030
hi,179,516687
hi,180,540680
hi,181,550516
hi,182,505326
hi,183,503773
hi,184,567439
hi,185,555862
hi,186,559892
hi,187,504382
hi,188,509161
hi,189,534161
hi,190,569478
hi,191,526693
hi,192,542971
hi,193,549719
hi,194,507367
hi,195,522979
hi,196,562308
hi,197,509310
hi,198,558703
hi,199,529487
mr,0,15331
mr,1,5387
mr,2,2512
mr,3,3192
mr,4,4515
mr,5,8278
mr,6,2852
mr,7,1792
mr,8,1789
mr,9,1222
mr,10,11487
mr,11,14983
mr,12,15434
mr,13,14567
mr,14,6717
mr,15,15769
mr,16,6547
mr,17,5703
mr,18,4433
mr,19,7396
mr,20,3879
mr,21,13891
mr,22,2980
mr,23,7166
mr,24,6711
mr,25,15280
mr,26,3130
mr,27,3484
mr,28,4988
mr,29,4808
mr,30,5546
mr,31,3804
mr,32,2382
mr,33,11729
mr,34,9353
mr,35,14117
mr,36,7548
mr,37,12528
mr,38,15393
mr,39,11811
mr,40,7053
mr,41,8893
mr,42,6297
mr,43,3444
mr,44,3714
mr,45,5170
mr,46,16614
mr,47,5667
mr,48,2991
mr,49,13782
mr,50,14664
mr,51,10039
mr,52,2770
mr,53,7215
mr,54,14181
mr,55,9620
mr,56,847
mr,57,4954
mr,58,7634
mr,59,5250
mr,60,13124
mr,61,4925
mr,62,1568
mr,63,1779
mr,64,6136
mr,65,1139
mr,66,6316
mr,67,4823
mr,68,5218
mr,69,12301
mr,70,3635
mr,71,5584
mr,72,3618
mr,73,1865
mr,74,2895
mr,75,2635
mr,76,2372
mr,77,3894
mr,78,1280
mr,79,15615
mr,80,6718
mr,81,7646
mr,82,5658
mr,83,4504
mr,84,8314
mr,85,8603
mr,86,14800
mr,87,4948
mr,88,3254
mr,89,816
mr,90,7801
mr,91,5042
mr,92,14330
mr,93,13450
mr,94,5108
mr,95,16106
mr,96,13215
mr,97,1563
mr,98,14400
mr,99,9526
mr,100,5568
mr,101,1589
mr,102,5010
mr,103,1665
mr,104,1866
mr,105,4378
mr,106,14686
mr,107,817
mr,108,815
mr,109,4734
mr,110,13001
mr,111,4667
mr,112,3705
mr,113,3115
mr,114,1620
mr,115,1157
mr,116,2745
mr,117,14943
mr,118,4953
mr,119,2470
mr,120,4745
mr,121,14530
mr,122,16234
mr,123,17355
mr,124,5071
mr,125,17917
mr,126,10793
mr,127,15350
mr,128,2759
mr,129,4507
mr,130,5778
mr,131,1521
mr,132,1337
mr,133,14971
mr,134,9167
mr,135,14805
mr,136,2828
mr,137,12652
mr,138,16069
mr,139,2841
mr,140,3000
mr,141,8975
mr,142,17514
mr,143,7755
mr,144,18339
mr,145,3493
mr,146,1720
mr,147,15282
mr,148,1317
mr,149,4749
mr,150,16580
mr,151,5067
mr,152,17321
mr,153,5271
mr,154,3108
mr,155,1192
mr,156,17435
mr,157,14183
mr,158,6940
mr,159,3103
mr,160,6071
mr,161,3450
mr,162,3870
mr,163,6473
mr,164,2469
mr,165,2694
mr,166,4360
mr,167,14193
mr,168,7922
mr,169,1169
mr,170,8120
mr,171,7200
mr,172,1424
mr,173,3848
mr,174,2545
mr,175,5178
mr,176,17583
mr,177,4832
mr,178,2902
mr,179,13792
mr,180,13284
mr,181,4571
mr,182,16102
mr,183,2268
mr,184,17345
mr,185,16856
mr,186,1522
mr,187,1599
mr,188,4375
mr,189,14296
mr,190,2810
mr,191,2556
mr,192,1875
mr,193,9601
mr,194,18947
mr,195,14373
mr,196,1566
mr,197,15365
mr,198,6728
mr,199,6315
ta,0,285974
ta,1,306089
ta,2,301787
ta,3,297355
ta,4,288160
ta,5,286553
ta,6,300799
ta,7,303480
ta,8,291629
ta,9,283829
ta,10,301392
ta,11,284455
ta,12,291150
ta,13,284071
ta,14,283091
ta,15,304452
ta,16,284924
ta,17,292002
ta,18,285045
ta,19,304648
ta,20,297236
ta,21,308554
ta,22,281957
ta,23,284731
ta,24,299016
ta,25,281541
ta,26,291423
ta,27,284098
ta,28,289796
ta,29,282602
ta,30,301579
ta,31,295573
ta,32,301495
ta,33,281602
ta,34,284558
ta,35,309021
ta,36,301091
ta,37,283332
ta,38,309902
ta,39,299580
ta,40,284580
ta,41,299128
ta,42,309186
ta,43,309087
ta,44,298876
ta,45,281278
ta,46,288142
ta,47,283119
ta,48,303443
ta,49,286199
ta,50,301418
ta,51,284697
ta,52,296701
ta,53,307386
ta,54,304768
ta,55,284400
ta,56,304869
ta,57,302011
ta,58,296650
ta,59,309487
ta,60,288042
ta,61,286749
ta,62,292290
ta,63,309257
ta,64,290835
ta,65,284950
ta,66,309522
ta,67,299981
ta,68,301981
ta,69,304724
ta,70,285081
ta,71,303643
ta,72,285507
ta,73,302365
ta,74,303426
ta,75,284510
ta,76,309975
ta,77,296480
ta,78,281800
ta,79,281958
ta,80,297801
ta,81,283903
ta,82,305101
ta,83,309394
ta,84,289082
ta,85,290940
ta,86,304407
ta,87,281134
ta,88,292533
ta,89,307912
ta,90,297072
ta,91,310428
ta,92,296353
ta,93,303049
ta,94,284617
ta,95,295744
ta,96,297968
ta,97,297561
ta,98,284391
ta,99,308499
ta,100,283703
ta,101,307831
ta,102,309296
ta,103,283144
ta,104,296026
ta,105,294478
ta,106,301383
ta,107,283642
ta,108,302537
ta,109,281799
ta,110,288713
ta,111,295325
ta,112,304242
ta,113,291487
ta,114,295160
ta,115,299889
ta,116,293865
ta,117,288041
ta,118,296779
ta,119,283411
ta,120,312078
ta,121,310598
ta,122,303246
ta,123,300531
ta,124,310673
ta,125,289535
ta,126,295289
ta,127,283415
ta,128,304009
ta,129,300679
ta,130,305161
ta,131,302998
ta,132,309618
ta,133,287285
ta,134,301854
ta,135,281385
ta,136,295157
ta,137,308989
ta,138,309768
ta,139,301469
ta,140,301510
ta,141,299459
ta,142,281908
ta,143,301940
ta,144,299266
ta,145,309866
ta,146,281745
ta,147,297167
ta,148,302965
ta,149,283569
ta,150,299802
ta,151,282251
ta,152,302793
ta,153,301801
ta,154,309661
ta,155,307936
ta,156,301587
ta,157,300406
ta,158,309476
ta,159,281293
ta,160,283900
ta,161,294454
ta,162,314232
ta,163,301594
ta,164,281261
ta,165,310355
ta,166,310361
ta,167,312088
ta,168,299997
ta,169,286430
ta,170,302158
ta,171,283047
ta,172,296078
ta,173,284349
ta,174,305168
ta,175,306388
ta,176,297675
ta,177,284615
ta,178,296649
ta,179,303097
ta,180,303311
ta,181,311538
ta,182,299557
ta,183,309831
ta,184,301633
ta,185,302625
ta,186,309025
ta,187,312795
ta,188,310378
ta,189,307873
ta,190,309865
ta,191,299741
ta,192,313330
ta,193,313625
ta,194,314372
ta,195,310067
ta,196,300675
ta,197,283998
ta,198,301611
ta,199,306953
