model,target_language,layer,segment,log_bi_ratio_vs_en,ci_low,ci_high
qwen,hi,0,early,-0.02936384,-0.03003530567511916,-0.028667448554188013
qwen,hi,1,early,0.43446004,0.4256715357303619,0.4433396279811859
qwen,hi,2,early,0.4150412,0.40553549826145174,0.42495821714401244
qwen,hi,3,early,0.37847042,0.3663011223077774,0.3911042153835297
qwen,hi,4,early,0.08917546,0.07989535331726075,0.0984981894493103
qwen,hi,5,early,0.41326928,0.3974737137556076,0.42879702150821686
qwen,hi,6,early,0.16805983,0.1578408658504486,0.17860116958618164
qwen,hi,7,early,0.22072697,0.20930650234222412,0.23191051483154296
qwen,hi,8,early,0.0470798,0.03381333351135254,0.06057850122451781
qwen,hi,9,middle,-0.09078956,-0.10446256399154663,-0.07746523618698122
qwen,hi,10,middle,-0.097587585,-0.10980651974678039,-0.08576076030731203
qwen,hi,11,middle,-0.07696557,-0.08927542567253113,-0.06491075754165651
qwen,hi,12,middle,0.054122448,0.03906123042106628,0.06808683276176453
qwen,hi,13,middle,0.07846761,0.06840851306915283,0.08832712173461912
qwen,hi,14,middle,0.10382891,0.08873269557952881,0.11839683055877684
qwen,hi,15,middle,0.033109665,0.01902371644973755,0.04661275148391723
qwen,hi,16,middle,-0.078867435,-0.0942548930644989,-0.06411100029945374
qwen,hi,17,middle,0.26144266,0.24826778173446656,0.27462386488914486
qwen,hi,18,late,0.13800979,0.12631654143333435,0.1493554711341858
qwen,hi,19,late,0.2572279,0.24403871297836305,0.270099663734436
qwen,hi,20,late,0.095167875,0.08015158176422119,0.10976071357727049
qwen,hi,21,late,0.31464314,0.29885162115097047,0.3305105805397034
qwen,hi,22,late,0.7248926,0.7040667235851288,0.7450831145048141
qwen,hi,23,late,0.6284208,0.6029002130031585,0.6548077285289764
qwen,hi,24,late,0.41110325,0.3866462171077728,0.436274093389511
qwen,hi,25,late,0.57778645,0.5509522736072541,0.6061567604541779
qwen,hi,26,late,0.5625682,0.5376420497894288,0.5880118370056152
qwen,hi,27,excluded_final,0.05566013,0.044780516624450685,0.06657903492450713
qwen,mr,0,early,-0.030339912,-0.03099825354292989,-0.029674029909074306
qwen,mr,1,early,0.4774518,0.4686015218496323,0.48624194860458375
qwen,mr,2,early,0.4305657,0.4207609176635742,0.4397108554840088
qwen,mr,3,early,0.38502276,0.37254348695278167,0.397148934006691
qwen,mr,4,early,0.07080364,0.06125350594520569,0.0801458477973938
qwen,mr,5,early,0.39228094,0.3760966658592224,0.40775595903396605
qwen,mr,6,early,0.15937066,0.14893829822540283,0.169618159532547
qwen,mr,7,early,0.20684099,0.19552947878837584,0.21786174774169922
qwen,mr,8,early,0.05302787,0.039757239818573,0.06558423042297361
qwen,mr,9,middle,-0.06452179,-0.07802579998970031,-0.051719933748245246
qwen,mr,10,middle,-0.07954764,-0.09111733436584472,-0.06845662593841553
qwen,mr,11,middle,-0.08641648,-0.09802616238594056,-0.07506269812583924
qwen,mr,12,middle,0.07057905,0.0554771363735199,0.08507803082466124
qwen,mr,13,middle,0.11015344,0.09989486336708069,0.11992256045341491
qwen,mr,14,middle,0.15500641,0.13976370096206664,0.16928297877311707
qwen,mr,15,middle,0.07440376,0.060332268476486206,0.08791239261627197
qwen,mr,16,middle,-0.033213615,-0.04912875890731812,-0.01788132190704346
qwen,mr,17,middle,0.3031044,0.2894873023033142,0.3161608099937439
qwen,mr,18,late,0.15269732,0.1400846540927887,0.16433175802230834
qwen,mr,19,late,0.25753117,0.2439279079437256,0.27043935060501095
qwen,mr,20,late,0.13089633,0.11539592146873474,0.14549325108528136
qwen,mr,21,late,0.35350275,0.3368533253669739,0.3690595984458923
qwen,mr,22,late,0.74491954,0.7237374544143677,0.7659822553396225
qwen,mr,23,late,0.68699455,0.6588685929775238,0.7145855247974395
qwen,mr,24,late,0.41812682,0.39129520058631895,0.44482722282409665
qwen,mr,25,late,0.6164098,0.5873050034046173,0.6452955961227417
qwen,mr,26,late,0.61490774,0.5877433776855469,0.6424791276454925
qwen,mr,27,excluded_final,0.112201095,0.10190007686614991,0.12238535284996033
qwen,ta,0,early,-0.03606245,-0.03674173494800925,-0.03537511955946684
qwen,ta,1,early,0.41943514,0.4117059141397476,0.42697501480579375
qwen,ta,2,early,0.3019762,0.2925053834915161,0.3110836029052734
qwen,ta,3,early,0.380383,0.367822003364563,0.39321817457675934
qwen,ta,4,early,0.07192254,0.0626424252986908,0.08155463933944701
qwen,ta,5,early,0.18296695,0.16870797276496888,0.1969782531261444
qwen,ta,6,early,0.09182811,0.08218594789505004,0.1019651412963867
qwen,ta,7,early,0.17067909,0.16057987213134767,0.1811677932739258
qwen,ta,8,early,-0.061510086,-0.07379850149154663,-0.04866498112678529
qwen,ta,9,middle,-0.17690802,-0.18909646868705748,-0.1642743468284607
qwen,ta,10,middle,-0.18300176,-0.19448975920677186,-0.171387380361557
qwen,ta,11,middle,-0.17284036,-0.1844744861125946,-0.16100593209266664
qwen,ta,12,middle,-0.0033967495,-0.01811913251876831,0.01139896512031555
qwen,ta,13,middle,0.05843568,0.04889017939567566,0.06847423315048216
qwen,ta,14,middle,0.08930826,0.07416019439697266,0.10486585497856139
qwen,ta,15,middle,0.0478127,0.0349900484085083,0.061462342739105225
qwen,ta,16,middle,-0.14531732,-0.16032840609550475,-0.12889211773872375
qwen,ta,17,middle,0.21429062,0.20226949453353882,0.227425080537796
qwen,ta,18,late,0.09841323,0.08756929039955139,0.11045036315917969
qwen,ta,19,late,0.37610817,0.36379624009132383,0.3892517328262329
qwen,ta,20,late,0.013188124,-0.0010395586490631102,0.02816057801246641
qwen,ta,21,late,0.15066934,0.13516270518302917,0.16675952076911926
qwen,ta,22,late,0.7273946,0.7071757584810257,0.7483952432870864
qwen,ta,23,late,0.7120185,0.6863475024700165,0.7384106636047363
qwen,ta,24,late,0.33998275,0.31608888506889343,0.36497545838356016
qwen,ta,25,late,0.27266288,0.24572421312332154,0.30061343908309934
qwen,ta,26,late,0.3089664,0.2839332282543182,0.33397073745727535
qwen,ta,27,excluded_final,-0.06244135,-0.07437765598297119,-0.051280158758163455
