model,metric,k,eval_language,contrast_family,condition_a,condition_b,same_layer_set_fraction,delta_logppl,ci_low,ci_high,ppl_ratio,p_value,p_holm,significant_holm_005
qwen,bi,2,hi,en_vs_matched,en,hi,1.0,0.0,0.0,0.0,1.0,1.0,1.0,False
qwen,bi,2,hi,en_vs_lb,en,lb_mean,1.0,0.0,0.0,0.0,1.0,1.0,1.0,False
qwen,bi,2,hi,lb_vs_matched,lb_mean,hi,1.0,0.0,0.0,0.0,1.0,1.0,1.0,False
qwen,bi,2,hi,en_vs_lb,en,lb_rank_mean,1.0,0.0,0.0,0.0,1.0,1.0,1.0,False
qwen,bi,2,hi,lb_vs_matched,lb_rank_mean,hi,1.0,0.0,0.0,0.0,1.0,1.0,1.0,False
qwen,bi,2,hi,en_vs_lb,en,lb_minimax_rank,1.0,0.0,0.0,0.0,1.0,1.0,1.0,False
qwen,bi,2,hi,lb_vs_matched,lb_minimax_rank,hi,1.0,0.0,0.0,0.0,1.0,1.0,1.0,False
qwen,bi,2,mr,en_vs_matched,en,mr,1.0,0.0,0.0,0.0,1.0,1.0,1.0,False
qwen,bi,2,mr,en_vs_lb,en,lb_mean,1.0,0.0,0.0,0.0,1.0,1.0,1.0,False
qwen,bi,2,mr,lb_vs_matched,lb_mean,mr,1.0,0.0,0.0,0.0,1.0,1.0,1.0,False
qwen,bi,2,mr,en_vs_lb,en,lb_rank_mean,1.0,0.0,0.0,0.0,1.0,1.0,1.0,False
qwen,bi,2,mr,lb_vs_matched,lb_rank_mean,mr,1.0,0.0,0.0,0.0,1.0,1.0,1.0,False
qwen,bi,2,mr,en_vs_lb,en,lb_minimax_rank,1.0,0.0,0.0,0.0,1.0,1.0,1.0,False
qwen,bi,2,mr,lb_vs_matched,lb_minimax_rank,mr,1.0,0.0,0.0,0.0,1.0,1.0,1.0,False
qwen,bi,2,ta,en_vs_matched,en,ta,1.0,0.0,0.0,0.0,1.0,1.0,1.0,False
qwen,bi,2,ta,en_vs_lb,en,lb_mean,1.0,0.0,0.0,0.0,1.0,1.0,1.0,False
qwen,bi,2,ta,lb_vs_matched,lb_mean,ta,1.0,0.0,0.0,0.0,1.0,1.0,1.0,False
qwen,bi,2,ta,en_vs_lb,en,lb_rank_mean,1.0,0.0,0.0,0.0,1.0,1.0,1.0,False
qwen,bi,2,ta,lb_vs_matched,lb_rank_mean,ta,1.0,0.0,0.0,0.0,1.0,1.0,1.0,False
qwen,bi,2,ta,en_vs_lb,en,lb_minimax_rank,1.0,0.0,0.0,0.0,1.0,1.0,1.0,False
qwen,bi,2,ta,lb_vs_matched,lb_minimax_rank,ta,1.0,0.0,0.0,0.0,1.0,1.0,1.0,False
qwen,bi,2,en,aggregator_ablation,lb_mean,lb_rank_mean,1.0,0.0,0.0,0.0,1.0,1.0,1.0,False
qwen,bi,2,en,aggregator_ablation,lb_mean,lb_minimax_rank,1.0,0.0,0.0,0.0,1.0,1.0,1.0,False
qwen,bi,2,en,aggregator_ablation,lb_rank_mean,lb_minimax_rank,1.0,0.0,0.0,0.0,1.0,1.0,1.0,False
qwen,bi,2,hi,aggregator_ablation,lb_mean,lb_rank_mean,1.0,0.0,0.0,0.0,1.0,1.0,1.0,False
qwen,bi,2,hi,aggregator_ablation,lb_mean,lb_minimax_rank,1.0,0.0,0.0,0.0,1.0,1.0,1.0,False
qwen,bi,2,hi,aggregator_ablation,lb_rank_mean,lb_minimax_rank,1.0,0.0,0.0,0.0,1.0,1.0,1.0,False
qwen,bi,2,mr,aggregator_ablation,lb_mean,lb_rank_mean,1.0,0.0,0.0,0.0,1.0,1.0,1.0,False
qwen,bi,2,mr,aggregator_ablation,lb_mean,lb_minimax_rank,1.0,0.0,0.0,0.0,1.0,1.0,1.0,False
qwen,bi,2,mr,aggregator_ablation,lb_rank_mean,lb_minimax_rank,1.0,0.0,0.0,0.0,1.0,1.0,1.0,False
qwen,bi,2,ta,aggregator_ablation,lb_mean,lb_rank_mean,1.0,0.0,0.0,0.0,1.0,1.0,1.0,False
qwen,bi,2,ta,aggregator_ablation,lb_mean,lb_minimax_rank,1.0,0.0,0.0,0.0,1.0,1.0,1.0,False
qwen,bi,2,ta,aggregator_ablation,lb_rank_mean,lb_minimax_rank,1.0,0.0,0.0,0.0,1.0,1.0,1.0,False
qwen,bi,4,hi,en_vs_matched,en,hi,0.0,0.01950900435447693,0.014050656586885453,0.025041407987475395,1.0197005485645203,0.0001999600079984003,0.0017996400719856027,True
qwen,bi,4,hi,en_vs_lb,en,lb_mean,0.8,0.0039018008708953857,0.0,0.012139014118909828,1.00390942280578,0.0001999600079984003,0.005398920215956809,True
qwen,bi,4,hi,lb_vs_matched,lb_mean,hi,0.2,0.015607203483581543,0.007363505721092224,0.023428986385464666,1.0157296319767637,0.0001999600079984003,0.005398920215956809,True
qwen,bi,4,hi,en_vs_lb,en,lb_rank_mean,0.0,0.01950900435447693,0.014207159772515297,0.025083281815052032,1.0197005485645203,0.0001999600079984003,0.005398920215956809,True
qwen,bi,4,hi,lb_vs_matched,lb_rank_mean,hi,1.0,0.0,0.0,0.0,1.0,1.0,1.0,False
qwen,bi,4,hi,en_vs_lb,en,lb_minimax_rank,0.2,0.015607203483581543,0.007747110548615456,0.023642225816845896,1.0157296319767637,0.0001999600079984003,0.005398920215956809,True
qwen,bi,4,hi,lb_vs_matched,lb_minimax_rank,hi,0.8,0.0039018008708953857,0.0,0.012067342346906651,1.00390942280578,0.0001999600079984003,0.005398920215956809,True
qwen,bi,4,mr,en_vs_matched,en,mr,0.0,0.013558263182640076,0.008056064352393151,0.019431286424398418,1.0136505932394182,0.0001999600079984003,0.0017996400719856027,True
qwen,bi,4,mr,en_vs_lb,en,lb_mean,0.8,0.0027116526365280154,0.0,0.008542543467879296,1.00271533249195,0.0001999600079984003,0.005398920215956809,True
qwen,bi,4,mr,lb_vs_matched,lb_mean,mr,0.2,0.010846610546112061,0.004673318576812744,0.017738911926746353,1.0109056482863306,0.0001999600079984003,0.005398920215956809,True
qwen,bi,4,mr,en_vs_lb,en,lb_rank_mean,0.0,0.013558263182640076,0.007863312020897866,0.01890631596744059,1.0136505932394182,0.0001999600079984003,0.005398920215956809,True
qwen,bi,4,mr,lb_vs_matched,lb_rank_mean,mr,1.0,0.0,0.0,0.0,1.0,1.0,1.0,False
qwen,bi,4,mr,en_vs_lb,en,lb_minimax_rank,0.2,0.010846610546112061,0.0045339955568313595,0.01785286694765089,1.0109056482863306,0.0001999600079984003,0.005398920215956809,True
qwen,bi,4,mr,lb_vs_matched,lb_minimax_rank,mr,0.8,0.0027116526365280154,0.0,0.009031299734115594,1.00271533249195,0.0001999600079984003,0.005398920215956809,True
qwen,bi,4,ta,en_vs_matched,en,ta,0.0,0.012632542848587036,0.008186433359980583,0.01715782569348812,1.0127126704677023,0.0001999600079984003,0.0017996400719856027,True
qwen,bi,4,ta,en_vs_lb,en,lb_mean,0.8,0.002526508569717407,0.0,0.007938619861006734,1.0025297028820799,0.0001999600079984003,0.005398920215956809,True
qwen,bi,4,ta,lb_vs_matched,lb_mean,ta,0.2,0.010106034278869629,0.004530885970592499,0.01600212912261486,1.0101572727035901,0.0001999600079984003,0.005398920215956809,True
qwen,bi,4,ta,en_vs_lb,en,lb_rank_mean,0.0,0.012632542848587036,0.008110202133655547,0.017145741119980806,1.0127126704677023,0.0001999600079984003,0.005398920215956809,True
qwen,bi,4,ta,lb_vs_matched,lb_rank_mean,ta,1.0,0.0,0.0,0.0,1.0,1.0,1.0,False
qwen,bi,4,ta,en_vs_lb,en,lb_minimax_rank,0.2,0.010106034278869629,0.0044720521032810216,0.016069831147789954,1.0101572727035901,0.0001999600079984003,0.005398920215956809,True
qwen,bi,4,ta,lb_vs_matched,lb_minimax_rank,ta,0.8,0.002526508569717407,0.0,0.008225938045978539,1.0025297028820799,0.0001999600079984003,0.005398920215956809,True
qwen,bi,4,en,aggregator_ablation,lb_mean,lb_rank_mean,0.2,-0.0032087583541870117,-0.008890690147876738,0.0018570030033588395,0.9967963842090161,0.21415716856628675,1.0,False
qwen,bi,4,en,aggregator_ablation,lb_mean,lb_minimax_rank,0.4,-0.0024065687656402586,-0.007339121469855309,0.0012790496081113776,0.9975963246993986,0.21195760847830433,1.0,False
qwen,bi,4,en,aggregator_ablation,lb_rank_mean,lb_minimax_rank,0.8,0.0008021895885467529,-0.0004500151485204696,0.0037292098313569996,1.0008025114286678,0.20535892821435714,1.0,False
qwen,bi,4,hi,aggregator_ablation,lb_mean,lb_rank_mean,0.2,0.015607203483581543,0.007343670922517777,0.023482993707060813,1.0157296319767637,0.0001999600079984003,0.007198560287942411,True
qwen,bi,4,hi,aggregator_ablation,lb_mean,lb_minimax_rank,0.4,0.011705402612686157,0.0033426816016435624,0.0213368443995714,1.0117741789273655,0.0001999600079984003,0.007198560287942411,True
qwen,bi,4,hi,aggregator_ablation,lb_rank_mean,lb_minimax_rank,0.8,-0.0039018008708953857,-0.01217420398592949,0.0,0.9961058012635704,0.0001999600079984003,0.007198560287942411,True
qwen,bi,4,mr,aggregator_ablation,lb_mean,lb_rank_mean,0.2,0.010846610546112061,0.004715824913978576,0.01771076732873916,1.0109056482863306,0.0001999600079984003,0.007198560287942411,True
qwen,bi,4,mr,aggregator_ablation,lb_mean,lb_minimax_rank,0.4,0.008134957909584045,0.002290033212304115,0.015544455677270882,1.008168136587705,0.0001999600079984003,0.007198560287942411,True
qwen,bi,4,mr,aggregator_ablation,lb_rank_mean,lb_minimax_rank,0.8,-0.0027116526365280154,-0.00893784812092781,0.0,0.9972920205725767,0.0001999600079984003,0.007198560287942411,True
qwen,bi,4,ta,aggregator_ablation,lb_mean,lb_rank_mean,0.2,0.010106034278869629,0.004535825711488724,0.01597181150317192,1.0101572727035901,0.0001999600079984003,0.007198560287942411,True
qwen,bi,4,ta,aggregator_ablation,lb_mean,lb_minimax_rank,0.4,0.0075795257091522215,0.0021352914094924925,0.014307823482155793,1.0076083230248267,0.0001999600079984003,0.007198560287942411,True
qwen,bi,4,ta,aggregator_ablation,lb_rank_mean,lb_minimax_rank,0.8,-0.002526508569717407,-0.007971275320649148,0.0,0.9974766803668684,0.0001999600079984003,0.007198560287942411,True
qwen,bi,6,hi,en_vs_matched,en,hi,0.0,0.3711999714374542,0.3604858283549547,0.38196142844855785,1.4494728975862792,0.0001999600079984003,0.0017996400719856027,True
qwen,bi,6,hi,en_vs_lb,en,lb_mean,0.0,0.3711999714374542,0.3606141164004803,0.3819518927782774,1.4494728975862792,0.0001999600079984003,0.005398920215956809,True
qwen,bi,6,hi,lb_vs_matched,lb_mean,hi,1.0,0.0,0.0,0.0,1.0,1.0,1.0,False
qwen,bi,6,hi,en_vs_lb,en,lb_rank_mean,0.0,0.3711999714374542,0.3606399889141321,0.3820496781766414,1.4494728975862792,0.0001999600079984003,0.005398920215956809,True
qwen,bi,6,hi,lb_vs_matched,lb_rank_mean,hi,1.0,0.0,0.0,0.0,1.0,1.0,1.0,False
qwen,bi,6,hi,en_vs_lb,en,lb_minimax_rank,0.0,0.34747781813144685,0.2986748903542757,0.3792859169393778,1.4154929119887332,0.0001999600079984003,0.005398920215956809,True
qwen,bi,6,hi,lb_vs_matched,lb_minimax_rank,hi,0.8,0.023722153306007385,0.0,0.07199581573605537,1.0240057617454297,0.0001999600079984003,0.005398920215956809,True
qwen,bi,6,mr,en_vs_matched,en,mr,0.0,0.4078220337629318,0.3945553452372551,0.4208159841746092,1.5035395580812259,0.0001999600079984003,0.0017996400719856027,True
qwen,bi,6,mr,en_vs_lb,en,lb_mean,0.0,0.4078220337629318,0.3948016597032547,0.4203300493210554,1.5035395580812259,0.0001999600079984003,0.005398920215956809,True
qwen,bi,6,mr,lb_vs_matched,lb_mean,mr,1.0,0.0,0.0,0.0,1.0,1.0,1.0,False
qwen,bi,6,mr,en_vs_lb,en,lb_rank_mean,0.0,0.4078220337629318,0.39492211404442784,0.42084260709583754,1.5035395580812259,0.0001999600079984003,0.005398920215956809,True
qwen,bi,6,mr,lb_vs_matched,lb_rank_mean,mr,1.0,0.0,0.0,0.0,1.0,1.0,1.0,False
qwen,bi,6,mr,en_vs_lb,en,lb_minimax_rank,0.0,0.3836420614719391,0.3332922686934471,0.41733112697303293,1.4676200299017836,0.0001999600079984003,0.005398920215956809,True
qwen,bi,6,mr,lb_vs_matched,lb_minimax_rank,mr,0.8,0.024179972290992738,0.0,0.07316397004723549,1.024474678355164,0.0001999600079984003,0.005398920215956809,True
qwen,bi,6,ta,en_vs_matched,en,ta,0.0,0.31631706237792967,0.30821422398090365,0.3246251699924469,1.3720652169278202,0.0001999600079984003,0.0017996400719856027,True
qwen,bi,6,ta,en_vs_lb,en,lb_mean,0.0,0.31631706237792967,0.3080519179999828,0.3247552120089531,1.3720652169278202,0.0001999600079984003,0.005398920215956809,True
qwen,bi,6,ta,lb_vs_matched,lb_mean,ta,1.0,0.0,0.0,0.0,1.0,1.0,1.0,False
qwen,bi,6,ta,en_vs_lb,en,lb_rank_mean,0.0,0.31631706237792967,0.30802245637774467,0.3246381615549326,1.3720652169278202,0.0001999600079984003,0.005398920215956809,True
qwen,bi,6,ta,lb_vs_matched,lb_rank_mean,ta,1.0,0.0,0.0,0.0,1.0,1.0,1.0,False
qwen,bi,6,ta,en_vs_lb,en,lb_minimax_rank,0.0,0.2924118571281433,0.2422550444871187,0.32255579479038715,1.3396546503515614,0.0001999600079984003,0.005398920215956809,True
qwen,bi,6,ta,lb_vs_matched,lb_minimax_rank,ta,0.8,0.023905205249786378,0.0,0.07285969885289666,1.0241932251478048,0.0001999600079984003,0.005398920215956809,True
qwen,bi,6,en,aggregator_ablation,lb_mean,lb_rank_mean,1.0,0.0,0.0,0.0,1.0,1.0,1.0,False
qwen,bi,6,en,aggregator_ablation,lb_mean,lb_minimax_rank,0.8,-0.018534313440322876,-0.05659435946345329,0.0,0.9816363906921788,0.0001999600079984003,0.007198560287942411,True
qwen,bi,6,en,aggregator_ablation,lb_rank_mean,lb_minimax_rank,0.8,-0.018534313440322876,-0.056088591170310974,0.0,0.9816363906921788,0.0001999600079984003,0.007198560287942411,True
qwen,bi,6,hi,aggregator_ablation,lb_mean,lb_rank_mean,1.0,0.0,0.0,0.0,1.0,1.0,1.0,False
qwen,bi,6,hi,aggregator_ablation,lb_mean,lb_minimax_rank,0.8,-0.023722153306007385,-0.07169018520712853,0.0,0.9765570052022836,0.0001999600079984003,0.007198560287942411,True
qwen,bi,6,hi,aggregator_ablation,lb_rank_mean,lb_minimax_rank,0.8,-0.023722153306007385,-0.07182773171961307,0.0,0.9765570052022836,0.0001999600079984003,0.007198560287942411,True
qwen,bi,6,mr,aggregator_ablation,lb_mean,lb_rank_mean,1.0,0.0,0.0,0.0,1.0,1.0,1.0,False
qwen,bi,6,mr,aggregator_ablation,lb_mean,lb_minimax_rank,0.8,-0.024179972290992738,-0.07322035186886787,0.0,0.9761100211920718,0.0001999600079984003,0.007198560287942411,True
qwen,bi,6,mr,aggregator_ablation,lb_rank_mean,lb_minimax_rank,0.8,-0.024179972290992738,-0.07311443453729154,0.0,0.9761100211920718,0.0001999600079984003,0.007198560287942411,True
qwen,bi,6,ta,aggregator_ablation,lb_mean,lb_rank_mean,1.0,0.0,0.0,0.0,1.0,1.0,1.0,False
qwen,bi,6,ta,aggregator_ablation,lb_mean,lb_minimax_rank,0.8,-0.023905205249786378,-0.07238494362831116,0.0,0.9763782609045151,0.0001999600079984003,0.007198560287942411,True
qwen,bi,6,ta,aggregator_ablation,lb_rank_mean,lb_minimax_rank,0.8,-0.023905205249786378,-0.0724229916125536,0.0,0.9763782609045151,0.0001999600079984003,0.007198560287942411,True
