model,metric,calibration,pruned_layers,seed,budget,late_layers_selected,removed_layer_ids,evaluation_language,pruned_fraction_pct,baseline_ppl,pruned_ppl,relative_ppl_degradation_pct
qwen,bi,en,2,0,150,0,"[15, 16]",en,7.142857142857143,10.20713961564413,11.156588663740715,9.301813082299748
qwen,bi,en,2,0,150,0,"[15, 16]",hi,7.142857142857143,3.826564129490933,4.0570032962469424,6.022090809351364
qwen,bi,en,2,0,150,0,"[15, 16]",mr,7.142857142857143,5.255736951077274,5.700105925104184,8.45493178527186
qwen,bi,en,2,0,150,0,"[15, 16]",ta,7.142857142857143,3.620360198671203,3.821466264165373,5.554863451652771
qwen,bi,en,4,0,150,0,"[14, 15, 16, 17]",en,14.285714285714286,10.20713961564413,12.547535264344065,22.929005939263263
qwen,bi,en,4,0,150,0,"[14, 15, 16, 17]",hi,14.285714285714286,3.826564129490933,4.552729188402685,18.976947317183924
qwen,bi,en,4,0,150,0,"[14, 15, 16, 17]",mr,14.285714285714286,5.255736951077274,6.6014687973933786,25.605007610593393
qwen,bi,en,4,0,150,0,"[14, 15, 16, 17]",ta,14.285714285714286,3.620360198671203,4.256946139292086,17.583497378369493
qwen,bi,en,6,0,150,1,"[12, 14, 15, 16, 17, 26]",en,21.428571428571427,10.20713961564413,19.741173522865655,93.40554030052691
qwen,bi,en,6,0,150,1,"[12, 14, 15, 16, 17, 26]",hi,21.428571428571427,3.826564129490933,7.13148544196253,86.36785378823032
qwen,bi,en,6,0,150,1,"[12, 14, 15, 16, 17, 26]",mr,21.428571428571427,5.255736951077274,10.90755662453725,107.53619760786388
qwen,bi,en,6,0,150,1,"[12, 14, 15, 16, 17, 26]",ta,21.428571428571427,3.620360198671203,6.255128182291266,72.77640452977893
qwen,bi,en,2,1,150,0,"[15, 16]",en,7.142857142857143,10.20713961564413,11.156588663740715,9.301813082299748
qwen,bi,en,2,1,150,0,"[15, 16]",hi,7.142857142857143,3.826564129490933,4.0570032962469424,6.022090809351364
qwen,bi,en,2,1,150,0,"[15, 16]",mr,7.142857142857143,5.255736951077274,5.700105925104184,8.45493178527186
qwen,bi,en,2,1,150,0,"[15, 16]",ta,7.142857142857143,3.620360198671203,3.821466264165373,5.554863451652771
qwen,bi,en,4,1,150,0,"[14, 15, 16, 17]",en,14.285714285714286,10.20713961564413,12.547535264344065,22.929005939263263
qwen,bi,en,4,1,150,0,"[14, 15, 16, 17]",hi,14.285714285714286,3.826564129490933,4.552729188402685,18.976947317183924
qwen,bi,en,4,1,150,0,"[14, 15, 16, 17]",mr,14.285714285714286,5.255736951077274,6.6014687973933786,25.605007610593393
qwen,bi,en,4,1,150,0,"[14, 15, 16, 17]",ta,14.285714285714286,3.620360198671203,4.256946139292086,17.583497378369493
qwen,bi,en,6,1,150,1,"[12, 14, 15, 16, 17, 26]",en,21.428571428571427,10.20713961564413,19.741173522865655,93.40554030052691
qwen,bi,en,6,1,150,1,"[12, 14, 15, 16, 17, 26]",hi,21.428571428571427,3.826564129490933,7.13148544196253,86.36785378823032
qwen,bi,en,6,1,150,1,"[12, 14, 15, 16, 17, 26]",mr,21.428571428571427,5.255736951077274,10.90755662453725,107.53619760786388
qwen,bi,en,6,1,150,1,"[12, 14, 15, 16, 17, 26]",ta,21.428571428571427,3.620360198671203,6.255128182291266,72.77640452977893
qwen,bi,en,2,2,150,0,"[15, 16]",en,7.142857142857143,10.20713961564413,11.156588663740715,9.301813082299748
qwen,bi,en,2,2,150,0,"[15, 16]",hi,7.142857142857143,3.826564129490933,4.0570032962469424,6.022090809351364
qwen,bi,en,2,2,150,0,"[15, 16]",mr,7.142857142857143,5.255736951077274,5.700105925104184,8.45493178527186
qwen,bi,en,2,2,150,0,"[15, 16]",ta,7.142857142857143,3.620360198671203,3.821466264165373,5.554863451652771
qwen,bi,en,4,2,150,0,"[14, 15, 16, 17]",en,14.285714285714286,10.20713961564413,12.547535264344065,22.929005939263263
qwen,bi,en,4,2,150,0,"[14, 15, 16, 17]",hi,14.285714285714286,3.826564129490933,4.552729188402685,18.976947317183924
qwen,bi,en,4,2,150,0,"[14, 15, 16, 17]",mr,14.285714285714286,5.255736951077274,6.6014687973933786,25.605007610593393
qwen,bi,en,4,2,150,0,"[14, 15, 16, 17]",ta,14.285714285714286,3.620360198671203,4.256946139292086,17.583497378369493
qwen,bi,en,6,2,150,1,"[12, 14, 15, 16, 17, 26]",en,21.428571428571427,10.20713961564413,19.741173522865655,93.40554030052691
qwen,bi,en,6,2,150,1,"[12, 14, 15, 16, 17, 26]",hi,21.428571428571427,3.826564129490933,7.13148544196253,86.36785378823032
qwen,bi,en,6,2,150,1,"[12, 14, 15, 16, 17, 26]",mr,21.428571428571427,5.255736951077274,10.90755662453725,107.53619760786388
qwen,bi,en,6,2,150,1,"[12, 14, 15, 16, 17, 26]",ta,21.428571428571427,3.620360198671203,6.255128182291266,72.77640452977893
qwen,bi,en,2,3,150,0,"[15, 16]",en,7.142857142857143,10.20713961564413,11.156588663740715,9.301813082299748
qwen,bi,en,2,3,150,0,"[15, 16]",hi,7.142857142857143,3.826564129490933,4.0570032962469424,6.022090809351364
qwen,bi,en,2,3,150,0,"[15, 16]",mr,7.142857142857143,5.255736951077274,5.700105925104184,8.45493178527186
qwen,bi,en,2,3,150,0,"[15, 16]",ta,7.142857142857143,3.620360198671203,3.821466264165373,5.554863451652771
qwen,bi,en,4,3,150,0,"[14, 15, 16, 17]",en,14.285714285714286,10.20713961564413,12.547535264344065,22.929005939263263
qwen,bi,en,4,3,150,0,"[14, 15, 16, 17]",hi,14.285714285714286,3.826564129490933,4.552729188402685,18.976947317183924
qwen,bi,en,4,3,150,0,"[14, 15, 16, 17]",mr,14.285714285714286,5.255736951077274,6.6014687973933786,25.605007610593393
qwen,bi,en,4,3,150,0,"[14, 15, 16, 17]",ta,14.285714285714286,3.620360198671203,4.256946139292086,17.583497378369493
qwen,bi,en,6,3,150,1,"[12, 14, 15, 16, 17, 26]",en,21.428571428571427,10.20713961564413,19.741173522865655,93.40554030052691
qwen,bi,en,6,3,150,1,"[12, 14, 15, 16, 17, 26]",hi,21.428571428571427,3.826564129490933,7.13148544196253,86.36785378823032
qwen,bi,en,6,3,150,1,"[12, 14, 15, 16, 17, 26]",mr,21.428571428571427,5.255736951077274,10.90755662453725,107.53619760786388
qwen,bi,en,6,3,150,1,"[12, 14, 15, 16, 17, 26]",ta,21.428571428571427,3.620360198671203,6.255128182291266,72.77640452977893
qwen,bi,en,2,4,150,0,"[15, 16]",en,7.142857142857143,10.20713961564413,11.156588663740715,9.301813082299748
qwen,bi,en,2,4,150,0,"[15, 16]",hi,7.142857142857143,3.826564129490933,4.0570032962469424,6.022090809351364
qwen,bi,en,2,4,150,0,"[15, 16]",mr,7.142857142857143,5.255736951077274,5.700105925104184,8.45493178527186
qwen,bi,en,2,4,150,0,"[15, 16]",ta,7.142857142857143,3.620360198671203,3.821466264165373,5.554863451652771
qwen,bi,en,4,4,150,0,"[14, 15, 16, 17]",en,14.285714285714286,10.20713961564413,12.547535264344065,22.929005939263263
qwen,bi,en,4,4,150,0,"[14, 15, 16, 17]",hi,14.285714285714286,3.826564129490933,4.552729188402685,18.976947317183924
qwen,bi,en,4,4,150,0,"[14, 15, 16, 17]",mr,14.285714285714286,5.255736951077274,6.6014687973933786,25.605007610593393
qwen,bi,en,4,4,150,0,"[14, 15, 16, 17]",ta,14.285714285714286,3.620360198671203,4.256946139292086,17.583497378369493
qwen,bi,en,6,4,150,1,"[12, 14, 15, 16, 17, 26]",en,21.428571428571427,10.20713961564413,19.741173522865655,93.40554030052691
qwen,bi,en,6,4,150,1,"[12, 14, 15, 16, 17, 26]",hi,21.428571428571427,3.826564129490933,7.13148544196253,86.36785378823032
qwen,bi,en,6,4,150,1,"[12, 14, 15, 16, 17, 26]",mr,21.428571428571427,5.255736951077274,10.90755662453725,107.53619760786388
qwen,bi,en,6,4,150,1,"[12, 14, 15, 16, 17, 26]",ta,21.428571428571427,3.620360198671203,6.255128182291266,72.77640452977893
qwen,bi,hi,2,0,150,0,"[15, 16]",en,7.142857142857143,10.20713961564413,11.156588663740715,9.301813082299748
qwen,bi,hi,2,0,150,0,"[15, 16]",hi,7.142857142857143,3.826564129490933,4.0570032962469424,6.022090809351364
qwen,bi,hi,2,0,150,0,"[15, 16]",mr,7.142857142857143,5.255736951077274,5.700105925104184,8.45493178527186
qwen,bi,hi,2,0,150,0,"[15, 16]",ta,7.142857142857143,3.620360198671203,3.821466264165373,5.554863451652771
qwen,bi,hi,4,0,150,0,"[12, 14, 15, 16]",en,14.285714285714286,10.20713961564413,12.59796384068959,23.42305792879651
qwen,bi,hi,4,0,150,0,"[12, 14, 15, 16]",hi,14.285714285714286,3.826564129490933,4.464770755308283,16.678320399722505
qwen,bi,hi,4,0,150,0,"[12, 14, 15, 16]",mr,14.285714285714286,5.255736951077274,6.512568375554781,23.913514625572983
qwen,bi,hi,4,0,150,0,"[12, 14, 15, 16]",ta,14.285714285714286,3.620360198671203,4.203508323171364,16.107461481711027
qwen,bi,hi,6,0,150,0,"[12, 13, 14, 15, 16, 17]",en,21.428571428571427,10.20713961564413,14.06850422171132,37.83003614596406
qwen,bi,hi,6,0,150,0,"[12, 13, 14, 15, 16, 17]",hi,21.428571428571427,3.826564129490933,4.92005435481972,28.576294250535906
qwen,bi,hi,6,0,150,0,"[12, 13, 14, 15, 16, 17]",mr,21.428571428571427,5.255736951077274,7.254585731323998,38.03175080588877
qwen,bi,hi,6,0,150,0,"[12, 13, 14, 15, 16, 17]",ta,21.428571428571427,3.620360198671203,4.558914623823108,25.924338288118058
qwen,bi,hi,2,1,150,0,"[15, 16]",en,7.142857142857143,10.20713961564413,11.156588663740715,9.301813082299748
qwen,bi,hi,2,1,150,0,"[15, 16]",hi,7.142857142857143,3.826564129490933,4.0570032962469424,6.022090809351364
qwen,bi,hi,2,1,150,0,"[15, 16]",mr,7.142857142857143,5.255736951077274,5.700105925104184,8.45493178527186
qwen,bi,hi,2,1,150,0,"[15, 16]",ta,7.142857142857143,3.620360198671203,3.821466264165373,5.554863451652771
qwen,bi,hi,4,1,150,0,"[12, 14, 15, 16]",en,14.285714285714286,10.20713961564413,12.59796384068959,23.42305792879651
qwen,bi,hi,4,1,150,0,"[12, 14, 15, 16]",hi,14.285714285714286,3.826564129490933,4.464770755308283,16.678320399722505
qwen,bi,hi,4,1,150,0,"[12, 14, 15, 16]",mr,14.285714285714286,5.255736951077274,6.512568375554781,23.913514625572983
qwen,bi,hi,4,1,150,0,"[12, 14, 15, 16]",ta,14.285714285714286,3.620360198671203,4.203508323171364,16.107461481711027
qwen,bi,hi,6,1,150,0,"[12, 13, 14, 15, 16, 17]",en,21.428571428571427,10.20713961564413,14.06850422171132,37.83003614596406
qwen,bi,hi,6,1,150,0,"[12, 13, 14, 15, 16, 17]",hi,21.428571428571427,3.826564129490933,4.92005435481972,28.576294250535906
qwen,bi,hi,6,1,150,0,"[12, 13, 14, 15, 16, 17]",mr,21.428571428571427,5.255736951077274,7.254585731323998,38.03175080588877
qwen,bi,hi,6,1,150,0,"[12, 13, 14, 15, 16, 17]",ta,21.428571428571427,3.620360198671203,4.558914623823108,25.924338288118058
qwen,bi,hi,2,2,150,0,"[15, 16]",en,7.142857142857143,10.20713961564413,11.156588663740715,9.301813082299748
qwen,bi,hi,2,2,150,0,"[15, 16]",hi,7.142857142857143,3.826564129490933,4.0570032962469424,6.022090809351364
qwen,bi,hi,2,2,150,0,"[15, 16]",mr,7.142857142857143,5.255736951077274,5.700105925104184,8.45493178527186
qwen,bi,hi,2,2,150,0,"[15, 16]",ta,7.142857142857143,3.620360198671203,3.821466264165373,5.554863451652771
qwen,bi,hi,4,2,150,0,"[12, 14, 15, 16]",en,14.285714285714286,10.20713961564413,12.59796384068959,23.42305792879651
qwen,bi,hi,4,2,150,0,"[12, 14, 15, 16]",hi,14.285714285714286,3.826564129490933,4.464770755308283,16.678320399722505
qwen,bi,hi,4,2,150,0,"[12, 14, 15, 16]",mr,14.285714285714286,5.255736951077274,6.512568375554781,23.913514625572983
qwen,bi,hi,4,2,150,0,"[12, 14, 15, 16]",ta,14.285714285714286,3.620360198671203,4.203508323171364,16.107461481711027
qwen,bi,hi,6,2,150,0,"[12, 13, 14, 15, 16, 17]",en,21.428571428571427,10.20713961564413,14.06850422171132,37.83003614596406
qwen,bi,hi,6,2,150,0,"[12, 13, 14, 15, 16, 17]",hi,21.428571428571427,3.826564129490933,4.92005435481972,28.576294250535906
qwen,bi,hi,6,2,150,0,"[12, 13, 14, 15, 16, 17]",mr,21.428571428571427,5.255736951077274,7.254585731323998,38.03175080588877
qwen,bi,hi,6,2,150,0,"[12, 13, 14, 15, 16, 17]",ta,21.428571428571427,3.620360198671203,4.558914623823108,25.924338288118058
qwen,bi,hi,2,3,150,0,"[15, 16]",en,7.142857142857143,10.20713961564413,11.156588663740715,9.301813082299748
qwen,bi,hi,2,3,150,0,"[15, 16]",hi,7.142857142857143,3.826564129490933,4.0570032962469424,6.022090809351364
qwen,bi,hi,2,3,150,0,"[15, 16]",mr,7.142857142857143,5.255736951077274,5.700105925104184,8.45493178527186
qwen,bi,hi,2,3,150,0,"[15, 16]",ta,7.142857142857143,3.620360198671203,3.821466264165373,5.554863451652771
qwen,bi,hi,4,3,150,0,"[12, 14, 15, 16]",en,14.285714285714286,10.20713961564413,12.59796384068959,23.42305792879651
qwen,bi,hi,4,3,150,0,"[12, 14, 15, 16]",hi,14.285714285714286,3.826564129490933,4.464770755308283,16.678320399722505
qwen,bi,hi,4,3,150,0,"[12, 14, 15, 16]",mr,14.285714285714286,5.255736951077274,6.512568375554781,23.913514625572983
qwen,bi,hi,4,3,150,0,"[12, 14, 15, 16]",ta,14.285714285714286,3.620360198671203,4.203508323171364,16.107461481711027
qwen,bi,hi,6,3,150,0,"[12, 13, 14, 15, 16, 17]",en,21.428571428571427,10.20713961564413,14.06850422171132,37.83003614596406
qwen,bi,hi,6,3,150,0,"[12, 13, 14, 15, 16, 17]",hi,21.428571428571427,3.826564129490933,4.92005435481972,28.576294250535906
qwen,bi,hi,6,3,150,0,"[12, 13, 14, 15, 16, 17]",mr,21.428571428571427,5.255736951077274,7.254585731323998,38.03175080588877
qwen,bi,hi,6,3,150,0,"[12, 13, 14, 15, 16, 17]",ta,21.428571428571427,3.620360198671203,4.558914623823108,25.924338288118058
qwen,bi,hi,2,4,150,0,"[15, 16]",en,7.142857142857143,10.20713961564413,11.156588663740715,9.301813082299748
qwen,bi,hi,2,4,150,0,"[15, 16]",hi,7.142857142857143,3.826564129490933,4.0570032962469424,6.022090809351364
qwen,bi,hi,2,4,150,0,"[15, 16]",mr,7.142857142857143,5.255736951077274,5.700105925104184,8.45493178527186
qwen,bi,hi,2,4,150,0,"[15, 16]",ta,7.142857142857143,3.620360198671203,3.821466264165373,5.554863451652771
qwen,bi,hi,4,4,150,0,"[12, 14, 15, 16]",en,14.285714285714286,10.20713961564413,12.59796384068959,23.42305792879651
qwen,bi,hi,4,4,150,0,"[12, 14, 15, 16]",hi,14.285714285714286,3.826564129490933,4.464770755308283,16.678320399722505
qwen,bi,hi,4,4,150,0,"[12, 14, 15, 16]",mr,14.285714285714286,5.255736951077274,6.512568375554781,23.913514625572983
qwen,bi,hi,4,4,150,0,"[12, 14, 15, 16]",ta,14.285714285714286,3.620360198671203,4.203508323171364,16.107461481711027
qwen,bi,hi,6,4,150,0,"[12, 13, 14, 15, 16, 17]",en,21.428571428571427,10.20713961564413,14.06850422171132,37.83003614596406
qwen,bi,hi,6,4,150,0,"[12, 13, 14, 15, 16, 17]",hi,21.428571428571427,3.826564129490933,4.92005435481972,28.576294250535906
qwen,bi,hi,6,4,150,0,"[12, 13, 14, 15, 16, 17]",mr,21.428571428571427,5.255736951077274,7.254585731323998,38.03175080588877
qwen,bi,hi,6,4,150,0,"[12, 13, 14, 15, 16, 17]",ta,21.428571428571427,3.620360198671203,4.558914623823108,25.924338288118058
qwen,bi,mr,2,0,150,0,"[15, 16]",en,7.142857142857143,10.20713961564413,11.156588663740715,9.301813082299748
qwen,bi,mr,2,0,150,0,"[15, 16]",hi,7.142857142857143,3.826564129490933,4.0570032962469424,6.022090809351364
qwen,bi,mr,2,0,150,0,"[15, 16]",mr,7.142857142857143,5.255736951077274,5.700105925104184,8.45493178527186
qwen,bi,mr,2,0,150,0,"[15, 16]",ta,7.142857142857143,3.620360198671203,3.821466264165373,5.554863451652771
qwen,bi,mr,4,0,150,0,"[12, 14, 15, 16]",en,14.285714285714286,10.20713961564413,12.59796384068959,23.42305792879651
qwen,bi,mr,4,0,150,0,"[12, 14, 15, 16]",hi,14.285714285714286,3.826564129490933,4.464770755308283,16.678320399722505
qwen,bi,mr,4,0,150,0,"[12, 14, 15, 16]",mr,14.285714285714286,5.255736951077274,6.512568375554781,23.913514625572983
qwen,bi,mr,4,0,150,0,"[12, 14, 15, 16]",ta,14.285714285714286,3.620360198671203,4.203508323171364,16.107461481711027
qwen,bi,mr,6,0,150,0,"[12, 13, 14, 15, 16, 17]",en,21.428571428571427,10.20713961564413,14.06850422171132,37.83003614596406
qwen,bi,mr,6,0,150,0,"[12, 13, 14, 15, 16, 17]",hi,21.428571428571427,3.826564129490933,4.92005435481972,28.576294250535906
qwen,bi,mr,6,0,150,0,"[12, 13, 14, 15, 16, 17]",mr,21.428571428571427,5.255736951077274,7.254585731323998,38.03175080588877
qwen,bi,mr,6,0,150,0,"[12, 13, 14, 15, 16, 17]",ta,21.428571428571427,3.620360198671203,4.558914623823108,25.924338288118058
qwen,bi,mr,2,1,150,0,"[15, 16]",en,7.142857142857143,10.20713961564413,11.156588663740715,9.301813082299748
qwen,bi,mr,2,1,150,0,"[15, 16]",hi,7.142857142857143,3.826564129490933,4.0570032962469424,6.022090809351364
qwen,bi,mr,2,1,150,0,"[15, 16]",mr,7.142857142857143,5.255736951077274,5.700105925104184,8.45493178527186
qwen,bi,mr,2,1,150,0,"[15, 16]",ta,7.142857142857143,3.620360198671203,3.821466264165373,5.554863451652771
qwen,bi,mr,4,1,150,0,"[12, 14, 15, 16]",en,14.285714285714286,10.20713961564413,12.59796384068959,23.42305792879651
qwen,bi,mr,4,1,150,0,"[12, 14, 15, 16]",hi,14.285714285714286,3.826564129490933,4.464770755308283,16.678320399722505
qwen,bi,mr,4,1,150,0,"[12, 14, 15, 16]",mr,14.285714285714286,5.255736951077274,6.512568375554781,23.913514625572983
qwen,bi,mr,4,1,150,0,"[12, 14, 15, 16]",ta,14.285714285714286,3.620360198671203,4.203508323171364,16.107461481711027
qwen,bi,mr,6,1,150,0,"[12, 13, 14, 15, 16, 17]",en,21.428571428571427,10.20713961564413,14.06850422171132,37.83003614596406
qwen,bi,mr,6,1,150,0,"[12, 13, 14, 15, 16, 17]",hi,21.428571428571427,3.826564129490933,4.92005435481972,28.576294250535906
qwen,bi,mr,6,1,150,0,"[12, 13, 14, 15, 16, 17]",mr,21.428571428571427,5.255736951077274,7.254585731323998,38.03175080588877
qwen,bi,mr,6,1,150,0,"[12, 13, 14, 15, 16, 17]",ta,21.428571428571427,3.620360198671203,4.558914623823108,25.924338288118058
qwen,bi,mr,2,2,150,0,"[15, 16]",en,7.142857142857143,10.20713961564413,11.156588663740715,9.301813082299748
qwen,bi,mr,2,2,150,0,"[15, 16]",hi,7.142857142857143,3.826564129490933,4.0570032962469424,6.022090809351364
qwen,bi,mr,2,2,150,0,"[15, 16]",mr,7.142857142857143,5.255736951077274,5.700105925104184,8.45493178527186
qwen,bi,mr,2,2,150,0,"[15, 16]",ta,7.142857142857143,3.620360198671203,3.821466264165373,5.554863451652771
qwen,bi,mr,4,2,150,0,"[12, 14, 15, 16]",en,14.285714285714286,10.20713961564413,12.59796384068959,23.42305792879651
qwen,bi,mr,4,2,150,0,"[12, 14, 15, 16]",hi,14.285714285714286,3.826564129490933,4.464770755308283,16.678320399722505
qwen,bi,mr,4,2,150,0,"[12, 14, 15, 16]",mr,14.285714285714286,5.255736951077274,6.512568375554781,23.913514625572983
qwen,bi,mr,4,2,150,0,"[12, 14, 15, 16]",ta,14.285714285714286,3.620360198671203,4.203508323171364,16.107461481711027
qwen,bi,mr,6,2,150,0,"[12, 13, 14, 15, 16, 17]",en,21.428571428571427,10.20713961564413,14.06850422171132,37.83003614596406
qwen,bi,mr,6,2,150,0,"[12, 13, 14, 15, 16, 17]",hi,21.428571428571427,3.826564129490933,4.92005435481972,28.576294250535906
qwen,bi,mr,6,2,150,0,"[12, 13, 14, 15, 16, 17]",mr,21.428571428571427,5.255736951077274,7.254585731323998,38.03175080588877
qwen,bi,mr,6,2,150,0,"[12, 13, 14, 15, 16, 17]",ta,21.428571428571427,3.620360198671203,4.558914623823108,25.924338288118058
qwen,bi,mr,2,3,150,0,"[15, 16]",en,7.142857142857143,10.20713961564413,11.156588663740715,9.301813082299748
qwen,bi,mr,2,3,150,0,"[15, 16]",hi,7.142857142857143,3.826564129490933,4.0570032962469424,6.022090809351364
qwen,bi,mr,2,3,150,0,"[15, 16]",mr,7.142857142857143,5.255736951077274,5.700105925104184,8.45493178527186
qwen,bi,mr,2,3,150,0,"[15, 16]",ta,7.142857142857143,3.620360198671203,3.821466264165373,5.554863451652771
qwen,bi,mr,4,3,150,0,"[12, 14, 15, 16]",en,14.285714285714286,10.20713961564413,12.59796384068959,23.42305792879651
qwen,bi,mr,4,3,150,0,"[12, 14, 15, 16]",hi,14.285714285714286,3.826564129490933,4.464770755308283,16.678320399722505
qwen,bi,mr,4,3,150,0,"[12, 14, 15, 16]",mr,14.285714285714286,5.255736951077274,6.512568375554781,23.913514625572983
qwen,bi,mr,4,3,150,0,"[12, 14, 15, 16]",ta,14.285714285714286,3.620360198671203,4.203508323171364,16.107461481711027
qwen,bi,mr,6,3,150,0,"[12, 13, 14, 15, 16, 17]",en,21.428571428571427,10.20713961564413,14.06850422171132,37.83003614596406
qwen,bi,mr,6,3,150,0,"[12, 13, 14, 15, 16, 17]",hi,21.428571428571427,3.826564129490933,4.92005435481972,28.576294250535906
qwen,bi,mr,6,3,150,0,"[12, 13, 14, 15, 16, 17]",mr,21.428571428571427,5.255736951077274,7.254585731323998,38.03175080588877
qwen,bi,mr,6,3,150,0,"[12, 13, 14, 15, 16, 17]",ta,21.428571428571427,3.620360198671203,4.558914623823108,25.924338288118058
qwen,bi,mr,2,4,150,0,"[15, 16]",en,7.142857142857143,10.20713961564413,11.156588663740715,9.301813082299748
qwen,bi,mr,2,4,150,0,"[15, 16]",hi,7.142857142857143,3.826564129490933,4.0570032962469424,6.022090809351364
qwen,bi,mr,2,4,150,0,"[15, 16]",mr,7.142857142857143,5.255736951077274,5.700105925104184,8.45493178527186
qwen,bi,mr,2,4,150,0,"[15, 16]",ta,7.142857142857143,3.620360198671203,3.821466264165373,5.554863451652771
qwen,bi,mr,4,4,150,0,"[12, 14, 15, 16]",en,14.285714285714286,10.20713961564413,12.59796384068959,23.42305792879651
qwen,bi,mr,4,4,150,0,"[12, 14, 15, 16]",hi,14.285714285714286,3.826564129490933,4.464770755308283,16.678320399722505
qwen,bi,mr,4,4,150,0,"[12, 14, 15, 16]",mr,14.285714285714286,5.255736951077274,6.512568375554781,23.913514625572983
qwen,bi,mr,4,4,150,0,"[12, 14, 15, 16]",ta,14.285714285714286,3.620360198671203,4.203508323171364,16.107461481711027
qwen,bi,mr,6,4,150,0,"[12, 13, 14, 15, 16, 17]",en,21.428571428571427,10.20713961564413,14.06850422171132,37.83003614596406
qwen,bi,mr,6,4,150,0,"[12, 13, 14, 15, 16, 17]",hi,21.428571428571427,3.826564129490933,4.92005435481972,28.576294250535906
qwen,bi,mr,6,4,150,0,"[12, 13, 14, 15, 16, 17]",mr,21.428571428571427,5.255736951077274,7.254585731323998,38.03175080588877
qwen,bi,mr,6,4,150,0,"[12, 13, 14, 15, 16, 17]",ta,21.428571428571427,3.620360198671203,4.558914623823108,25.924338288118058
qwen,bi,ta,2,0,150,0,"[15, 16]",en,7.142857142857143,10.20713961564413,11.156588663740715,9.301813082299748
qwen,bi,ta,2,0,150,0,"[15, 16]",hi,7.142857142857143,3.826564129490933,4.0570032962469424,6.022090809351364
qwen,bi,ta,2,0,150,0,"[15, 16]",mr,7.142857142857143,5.255736951077274,5.700105925104184,8.45493178527186
qwen,bi,ta,2,0,150,0,"[15, 16]",ta,7.142857142857143,3.620360198671203,3.821466264165373,5.554863451652771
qwen,bi,ta,4,0,150,0,"[12, 14, 15, 16]",en,14.285714285714286,10.20713961564413,12.59796384068959,23.42305792879651
qwen,bi,ta,4,0,150,0,"[12, 14, 15, 16]",hi,14.285714285714286,3.826564129490933,4.464770755308283,16.678320399722505
qwen,bi,ta,4,0,150,0,"[12, 14, 15, 16]",mr,14.285714285714286,5.255736951077274,6.512568375554781,23.913514625572983
qwen,bi,ta,4,0,150,0,"[12, 14, 15, 16]",ta,14.285714285714286,3.620360198671203,4.203508323171364,16.107461481711027
qwen,bi,ta,6,0,150,0,"[12, 13, 14, 15, 16, 17]",en,21.428571428571427,10.20713961564413,14.06850422171132,37.83003614596406
qwen,bi,ta,6,0,150,0,"[12, 13, 14, 15, 16, 17]",hi,21.428571428571427,3.826564129490933,4.92005435481972,28.576294250535906
qwen,bi,ta,6,0,150,0,"[12, 13, 14, 15, 16, 17]",mr,21.428571428571427,5.255736951077274,7.254585731323998,38.03175080588877
qwen,bi,ta,6,0,150,0,"[12, 13, 14, 15, 16, 17]",ta,21.428571428571427,3.620360198671203,4.558914623823108,25.924338288118058
qwen,bi,ta,2,1,150,0,"[15, 16]",en,7.142857142857143,10.20713961564413,11.156588663740715,9.301813082299748
qwen,bi,ta,2,1,150,0,"[15, 16]",hi,7.142857142857143,3.826564129490933,4.0570032962469424,6.022090809351364
qwen,bi,ta,2,1,150,0,"[15, 16]",mr,7.142857142857143,5.255736951077274,5.700105925104184,8.45493178527186
qwen,bi,ta,2,1,150,0,"[15, 16]",ta,7.142857142857143,3.620360198671203,3.821466264165373,5.554863451652771
qwen,bi,ta,4,1,150,0,"[12, 14, 15, 16]",en,14.285714285714286,10.20713961564413,12.59796384068959,23.42305792879651
qwen,bi,ta,4,1,150,0,"[12, 14, 15, 16]",hi,14.285714285714286,3.826564129490933,4.464770755308283,16.678320399722505
qwen,bi,ta,4,1,150,0,"[12, 14, 15, 16]",mr,14.285714285714286,5.255736951077274,6.512568375554781,23.913514625572983
qwen,bi,ta,4,1,150,0,"[12, 14, 15, 16]",ta,14.285714285714286,3.620360198671203,4.203508323171364,16.107461481711027
qwen,bi,ta,6,1,150,0,"[12, 13, 14, 15, 16, 17]",en,21.428571428571427,10.20713961564413,14.06850422171132,37.83003614596406
qwen,bi,ta,6,1,150,0,"[12, 13, 14, 15, 16, 17]",hi,21.428571428571427,3.826564129490933,4.92005435481972,28.576294250535906
qwen,bi,ta,6,1,150,0,"[12, 13, 14, 15, 16, 17]",mr,21.428571428571427,5.255736951077274,7.254585731323998,38.03175080588877
qwen,bi,ta,6,1,150,0,"[12, 13, 14, 15, 16, 17]",ta,21.428571428571427,3.620360198671203,4.558914623823108,25.924338288118058
qwen,bi,ta,2,2,150,0,"[15, 16]",en,7.142857142857143,10.20713961564413,11.156588663740715,9.301813082299748
qwen,bi,ta,2,2,150,0,"[15, 16]",hi,7.142857142857143,3.826564129490933,4.0570032962469424,6.022090809351364
qwen,bi,ta,2,2,150,0,"[15, 16]",mr,7.142857142857143,5.255736951077274,5.700105925104184,8.45493178527186
qwen,bi,ta,2,2,150,0,"[15, 16]",ta,7.142857142857143,3.620360198671203,3.821466264165373,5.554863451652771
qwen,bi,ta,4,2,150,0,"[12, 14, 15, 16]",en,14.285714285714286,10.20713961564413,12.59796384068959,23.42305792879651
qwen,bi,ta,4,2,150,0,"[12, 14, 15, 16]",hi,14.285714285714286,3.826564129490933,4.464770755308283,16.678320399722505
qwen,bi,ta,4,2,150,0,"[12, 14, 15, 16]",mr,14.285714285714286,5.255736951077274,6.512568375554781,23.913514625572983
qwen,bi,ta,4,2,150,0,"[12, 14, 15, 16]",ta,14.285714285714286,3.620360198671203,4.203508323171364,16.107461481711027
qwen,bi,ta,6,2,150,0,"[12, 13, 14, 15, 16, 17]",en,21.428571428571427,10.20713961564413,14.06850422171132,37.83003614596406
qwen,bi,ta,6,2,150,0,"[12, 13, 14, 15, 16, 17]",hi,21.428571428571427,3.826564129490933,4.92005435481972,28.576294250535906
qwen,bi,ta,6,2,150,0,"[12, 13, 14, 15, 16, 17]",mr,21.428571428571427,5.255736951077274,7.254585731323998,38.03175080588877
qwen,bi,ta,6,2,150,0,"[12, 13, 14, 15, 16, 17]",ta,21.428571428571427,3.620360198671203,4.558914623823108,25.924338288118058
qwen,bi,ta,2,3,150,0,"[15, 16]",en,7.142857142857143,10.20713961564413,11.156588663740715,9.301813082299748
qwen,bi,ta,2,3,150,0,"[15, 16]",hi,7.142857142857143,3.826564129490933,4.0570032962469424,6.022090809351364
qwen,bi,ta,2,3,150,0,"[15, 16]",mr,7.142857142857143,5.255736951077274,5.700105925104184,8.45493178527186
qwen,bi,ta,2,3,150,0,"[15, 16]",ta,7.142857142857143,3.620360198671203,3.821466264165373,5.554863451652771
qwen,bi,ta,4,3,150,0,"[12, 14, 15, 16]",en,14.285714285714286,10.20713961564413,12.59796384068959,23.42305792879651
qwen,bi,ta,4,3,150,0,"[12, 14, 15, 16]",hi,14.285714285714286,3.826564129490933,4.464770755308283,16.678320399722505
qwen,bi,ta,4,3,150,0,"[12, 14, 15, 16]",mr,14.285714285714286,5.255736951077274,6.512568375554781,23.913514625572983
qwen,bi,ta,4,3,150,0,"[12, 14, 15, 16]",ta,14.285714285714286,3.620360198671203,4.203508323171364,16.107461481711027
qwen,bi,ta,6,3,150,0,"[12, 13, 14, 15, 16, 17]",en,21.428571428571427,10.20713961564413,14.06850422171132,37.83003614596406
qwen,bi,ta,6,3,150,0,"[12, 13, 14, 15, 16, 17]",hi,21.428571428571427,3.826564129490933,4.92005435481972,28.576294250535906
qwen,bi,ta,6,3,150,0,"[12, 13, 14, 15, 16, 17]",mr,21.428571428571427,5.255736951077274,7.254585731323998,38.03175080588877
qwen,bi,ta,6,3,150,0,"[12, 13, 14, 15, 16, 17]",ta,21.428571428571427,3.620360198671203,4.558914623823108,25.924338288118058
qwen,bi,ta,2,4,150,0,"[15, 16]",en,7.142857142857143,10.20713961564413,11.156588663740715,9.301813082299748
qwen,bi,ta,2,4,150,0,"[15, 16]",hi,7.142857142857143,3.826564129490933,4.0570032962469424,6.022090809351364
qwen,bi,ta,2,4,150,0,"[15, 16]",mr,7.142857142857143,5.255736951077274,5.700105925104184,8.45493178527186
qwen,bi,ta,2,4,150,0,"[15, 16]",ta,7.142857142857143,3.620360198671203,3.821466264165373,5.554863451652771
qwen,bi,ta,4,4,150,0,"[12, 14, 15, 16]",en,14.285714285714286,10.20713961564413,12.59796384068959,23.42305792879651
qwen,bi,ta,4,4,150,0,"[12, 14, 15, 16]",hi,14.285714285714286,3.826564129490933,4.464770755308283,16.678320399722505
qwen,bi,ta,4,4,150,0,"[12, 14, 15, 16]",mr,14.285714285714286,5.255736951077274,6.512568375554781,23.913514625572983
qwen,bi,ta,4,4,150,0,"[12, 14, 15, 16]",ta,14.285714285714286,3.620360198671203,4.203508323171364,16.107461481711027
qwen,bi,ta,6,4,150,0,"[12, 13, 14, 15, 16, 17]",en,21.428571428571427,10.20713961564413,14.06850422171132,37.83003614596406
qwen,bi,ta,6,4,150,0,"[12, 13, 14, 15, 16, 17]",hi,21.428571428571427,3.826564129490933,4.92005435481972,28.576294250535906
qwen,bi,ta,6,4,150,0,"[12, 13, 14, 15, 16, 17]",mr,21.428571428571427,5.255736951077274,7.254585731323998,38.03175080588877
qwen,bi,ta,6,4,150,0,"[12, 13, 14, 15, 16, 17]",ta,21.428571428571427,3.620360198671203,4.558914623823108,25.924338288118058
qwen,bi,lb_mean,2,0,150,0,"[15, 16]",en,7.142857142857143,10.20713961564413,11.156588663740715,9.301813082299748
qwen,bi,lb_mean,2,0,150,0,"[15, 16]",hi,7.142857142857143,3.826564129490933,4.0570032962469424,6.022090809351364
qwen,bi,lb_mean,2,0,150,0,"[15, 16]",mr,7.142857142857143,5.255736951077274,5.700105925104184,8.45493178527186
qwen,bi,lb_mean,2,0,150,0,"[15, 16]",ta,7.142857142857143,3.620360198671203,3.821466264165373,5.554863451652771
qwen,bi,lb_mean,4,0,150,0,"[14, 15, 16, 17]",en,14.285714285714286,10.20713961564413,12.547535264344065,22.929005939263263
qwen,bi,lb_mean,4,0,150,0,"[14, 15, 16, 17]",hi,14.285714285714286,3.826564129490933,4.552729188402685,18.976947317183924
qwen,bi,lb_mean,4,0,150,0,"[14, 15, 16, 17]",mr,14.285714285714286,5.255736951077274,6.6014687973933786,25.605007610593393
qwen,bi,lb_mean,4,0,150,0,"[14, 15, 16, 17]",ta,14.285714285714286,3.620360198671203,4.256946139292086,17.583497378369493
qwen,bi,lb_mean,6,0,150,0,"[12, 13, 14, 15, 16, 17]",en,21.428571428571427,10.20713961564413,14.06850422171132,37.83003614596406
qwen,bi,lb_mean,6,0,150,0,"[12, 13, 14, 15, 16, 17]",hi,21.428571428571427,3.826564129490933,4.92005435481972,28.576294250535906
qwen,bi,lb_mean,6,0,150,0,"[12, 13, 14, 15, 16, 17]",mr,21.428571428571427,5.255736951077274,7.254585731323998,38.03175080588877
qwen,bi,lb_mean,6,0,150,0,"[12, 13, 14, 15, 16, 17]",ta,21.428571428571427,3.620360198671203,4.558914623823108,25.924338288118058
qwen,bi,lb_mean,2,1,150,0,"[15, 16]",en,7.142857142857143,10.20713961564413,11.156588663740715,9.301813082299748
qwen,bi,lb_mean,2,1,150,0,"[15, 16]",hi,7.142857142857143,3.826564129490933,4.0570032962469424,6.022090809351364
qwen,bi,lb_mean,2,1,150,0,"[15, 16]",mr,7.142857142857143,5.255736951077274,5.700105925104184,8.45493178527186
qwen,bi,lb_mean,2,1,150,0,"[15, 16]",ta,7.142857142857143,3.620360198671203,3.821466264165373,5.554863451652771
qwen,bi,lb_mean,4,1,150,0,"[12, 14, 15, 16]",en,14.285714285714286,10.20713961564413,12.59796384068959,23.42305792879651
qwen,bi,lb_mean,4,1,150,0,"[12, 14, 15, 16]",hi,14.285714285714286,3.826564129490933,4.464770755308283,16.678320399722505
qwen,bi,lb_mean,4,1,150,0,"[12, 14, 15, 16]",mr,14.285714285714286,5.255736951077274,6.512568375554781,23.913514625572983
qwen,bi,lb_mean,4,1,150,0,"[12, 14, 15, 16]",ta,14.285714285714286,3.620360198671203,4.203508323171364,16.107461481711027
qwen,bi,lb_mean,6,1,150,0,"[12, 13, 14, 15, 16, 17]",en,21.428571428571427,10.20713961564413,14.06850422171132,37.83003614596406
qwen,bi,lb_mean,6,1,150,0,"[12, 13, 14, 15, 16, 17]",hi,21.428571428571427,3.826564129490933,4.92005435481972,28.576294250535906
qwen,bi,lb_mean,6,1,150,0,"[12, 13, 14, 15, 16, 17]",mr,21.428571428571427,5.255736951077274,7.254585731323998,38.03175080588877
qwen,bi,lb_mean,6,1,150,0,"[12, 13, 14, 15, 16, 17]",ta,21.428571428571427,3.620360198671203,4.558914623823108,25.924338288118058
qwen,bi,lb_mean,2,2,150,0,"[15, 16]",en,7.142857142857143,10.20713961564413,11.156588663740715,9.301813082299748
qwen,bi,lb_mean,2,2,150,0,"[15, 16]",hi,7.142857142857143,3.826564129490933,4.0570032962469424,6.022090809351364
qwen,bi,lb_mean,2,2,150,0,"[15, 16]",mr,7.142857142857143,5.255736951077274,5.700105925104184,8.45493178527186
qwen,bi,lb_mean,2,2,150,0,"[15, 16]",ta,7.142857142857143,3.620360198671203,3.821466264165373,5.554863451652771
qwen,bi,lb_mean,4,2,150,0,"[14, 15, 16, 17]",en,14.285714285714286,10.20713961564413,12.547535264344065,22.929005939263263
qwen,bi,lb_mean,4,2,150,0,"[14, 15, 16, 17]",hi,14.285714285714286,3.826564129490933,4.552729188402685,18.976947317183924
qwen,bi,lb_mean,4,2,150,0,"[14, 15, 16, 17]",mr,14.285714285714286,5.255736951077274,6.6014687973933786,25.605007610593393
qwen,bi,lb_mean,4,2,150,0,"[14, 15, 16, 17]",ta,14.285714285714286,3.620360198671203,4.256946139292086,17.583497378369493
qwen,bi,lb_mean,6,2,150,0,"[12, 13, 14, 15, 16, 17]",en,21.428571428571427,10.20713961564413,14.06850422171132,37.83003614596406
qwen,bi,lb_mean,6,2,150,0,"[12, 13, 14, 15, 16, 17]",hi,21.428571428571427,3.826564129490933,4.92005435481972,28.576294250535906
qwen,bi,lb_mean,6,2,150,0,"[12, 13, 14, 15, 16, 17]",mr,21.428571428571427,5.255736951077274,7.254585731323998,38.03175080588877
qwen,bi,lb_mean,6,2,150,0,"[12, 13, 14, 15, 16, 17]",ta,21.428571428571427,3.620360198671203,4.558914623823108,25.924338288118058
qwen,bi,lb_mean,2,3,150,0,"[15, 16]",en,7.142857142857143,10.20713961564413,11.156588663740715,9.301813082299748
qwen,bi,lb_mean,2,3,150,0,"[15, 16]",hi,7.142857142857143,3.826564129490933,4.0570032962469424,6.022090809351364
qwen,bi,lb_mean,2,3,150,0,"[15, 16]",mr,7.142857142857143,5.255736951077274,5.700105925104184,8.45493178527186
qwen,bi,lb_mean,2,3,150,0,"[15, 16]",ta,7.142857142857143,3.620360198671203,3.821466264165373,5.554863451652771
qwen,bi,lb_mean,4,3,150,0,"[14, 15, 16, 17]",en,14.285714285714286,10.20713961564413,12.547535264344065,22.929005939263263
qwen,bi,lb_mean,4,3,150,0,"[14, 15, 16, 17]",hi,14.285714285714286,3.826564129490933,4.552729188402685,18.976947317183924
qwen,bi,lb_mean,4,3,150,0,"[14, 15, 16, 17]",mr,14.285714285714286,5.255736951077274,6.6014687973933786,25.605007610593393
qwen,bi,lb_mean,4,3,150,0,"[14, 15, 16, 17]",ta,14.285714285714286,3.620360198671203,4.256946139292086,17.583497378369493
qwen,bi,lb_mean,6,3,150,0,"[12, 13, 14, 15, 16, 17]",en,21.428571428571427,10.20713961564413,14.06850422171132,37.83003614596406
qwen,bi,lb_mean,6,3,150,0,"[12, 13, 14, 15, 16, 17]",hi,21.428571428571427,3.826564129490933,4.92005435481972,28.576294250535906
qwen,bi,lb_mean,6,3,150,0,"[12, 13, 14, 15, 16, 17]",mr,21.428571428571427,5.255736951077274,7.254585731323998,38.03175080588877
qwen,bi,lb_mean,6,3,150,0,"[12, 13, 14, 15, 16, 17]",ta,21.428571428571427,3.620360198671203,4.558914623823108,25.924338288118058
qwen,bi,lb_mean,2,4,150,0,"[15, 16]",en,7.142857142857143,10.20713961564413,11.156588663740715,9.301813082299748
qwen,bi,lb_mean,2,4,150,0,"[15, 16]",hi,7.142857142857143,3.826564129490933,4.0570032962469424,6.022090809351364
qwen,bi,lb_mean,2,4,150,0,"[15, 16]",mr,7.142857142857143,5.255736951077274,5.700105925104184,8.45493178527186
qwen,bi,lb_mean,2,4,150,0,"[15, 16]",ta,7.142857142857143,3.620360198671203,3.821466264165373,5.554863451652771
qwen,bi,lb_mean,4,4,150,0,"[14, 15, 16, 17]",en,14.285714285714286,10.20713961564413,12.547535264344065,22.929005939263263
qwen,bi,lb_mean,4,4,150,0,"[14, 15, 16, 17]",hi,14.285714285714286,3.826564129490933,4.552729188402685,18.976947317183924
qwen,bi,lb_mean,4,4,150,0,"[14, 15, 16, 17]",mr,14.285714285714286,5.255736951077274,6.6014687973933786,25.605007610593393
qwen,bi,lb_mean,4,4,150,0,"[14, 15, 16, 17]",ta,14.285714285714286,3.620360198671203,4.256946139292086,17.583497378369493
qwen,bi,lb_mean,6,4,150,0,"[12, 13, 14, 15, 16, 17]",en,21.428571428571427,10.20713961564413,14.06850422171132,37.83003614596406
qwen,bi,lb_mean,6,4,150,0,"[12, 13, 14, 15, 16, 17]",hi,21.428571428571427,3.826564129490933,4.92005435481972,28.576294250535906
qwen,bi,lb_mean,6,4,150,0,"[12, 13, 14, 15, 16, 17]",mr,21.428571428571427,5.255736951077274,7.254585731323998,38.03175080588877
qwen,bi,lb_mean,6,4,150,0,"[12, 13, 14, 15, 16, 17]",ta,21.428571428571427,3.620360198671203,4.558914623823108,25.924338288118058
qwen,bi,lb_rank_mean,2,0,150,0,"[15, 16]",en,7.142857142857143,10.20713961564413,11.156588663740715,9.301813082299748
qwen,bi,lb_rank_mean,2,0,150,0,"[15, 16]",hi,7.142857142857143,3.826564129490933,4.0570032962469424,6.022090809351364
qwen,bi,lb_rank_mean,2,0,150,0,"[15, 16]",mr,7.142857142857143,5.255736951077274,5.700105925104184,8.45493178527186
qwen,bi,lb_rank_mean,2,0,150,0,"[15, 16]",ta,7.142857142857143,3.620360198671203,3.821466264165373,5.554863451652771
qwen,bi,lb_rank_mean,4,0,150,0,"[12, 14, 15, 16]",en,14.285714285714286,10.20713961564413,12.59796384068959,23.42305792879651
qwen,bi,lb_rank_mean,4,0,150,0,"[12, 14, 15, 16]",hi,14.285714285714286,3.826564129490933,4.464770755308283,16.678320399722505
qwen,bi,lb_rank_mean,4,0,150,0,"[12, 14, 15, 16]",mr,14.285714285714286,5.255736951077274,6.512568375554781,23.913514625572983
qwen,bi,lb_rank_mean,4,0,150,0,"[12, 14, 15, 16]",ta,14.285714285714286,3.620360198671203,4.203508323171364,16.107461481711027
qwen,bi,lb_rank_mean,6,0,150,0,"[12, 13, 14, 15, 16, 17]",en,21.428571428571427,10.20713961564413,14.06850422171132,37.83003614596406
qwen,bi,lb_rank_mean,6,0,150,0,"[12, 13, 14, 15, 16, 17]",hi,21.428571428571427,3.826564129490933,4.92005435481972,28.576294250535906
qwen,bi,lb_rank_mean,6,0,150,0,"[12, 13, 14, 15, 16, 17]",mr,21.428571428571427,5.255736951077274,7.254585731323998,38.03175080588877
qwen,bi,lb_rank_mean,6,0,150,0,"[12, 13, 14, 15, 16, 17]",ta,21.428571428571427,3.620360198671203,4.558914623823108,25.924338288118058
qwen,bi,lb_rank_mean,2,1,150,0,"[15, 16]",en,7.142857142857143,10.20713961564413,11.156588663740715,9.301813082299748
qwen,bi,lb_rank_mean,2,1,150,0,"[15, 16]",hi,7.142857142857143,3.826564129490933,4.0570032962469424,6.022090809351364
qwen,bi,lb_rank_mean,2,1,150,0,"[15, 16]",mr,7.142857142857143,5.255736951077274,5.700105925104184,8.45493178527186
qwen,bi,lb_rank_mean,2,1,150,0,"[15, 16]",ta,7.142857142857143,3.620360198671203,3.821466264165373,5.554863451652771
qwen,bi,lb_rank_mean,4,1,150,0,"[12, 14, 15, 16]",en,14.285714285714286,10.20713961564413,12.59796384068959,23.42305792879651
qwen,bi,lb_rank_mean,4,1,150,0,"[12, 14, 15, 16]",hi,14.285714285714286,3.826564129490933,4.464770755308283,16.678320399722505
qwen,bi,lb_rank_mean,4,1,150,0,"[12, 14, 15, 16]",mr,14.285714285714286,5.255736951077274,6.512568375554781,23.913514625572983
qwen,bi,lb_rank_mean,4,1,150,0,"[12, 14, 15, 16]",ta,14.285714285714286,3.620360198671203,4.203508323171364,16.107461481711027
qwen,bi,lb_rank_mean,6,1,150,0,"[12, 13, 14, 15, 16, 17]",en,21.428571428571427,10.20713961564413,14.06850422171132,37.83003614596406
qwen,bi,lb_rank_mean,6,1,150,0,"[12, 13, 14, 15, 16, 17]",hi,21.428571428571427,3.826564129490933,4.92005435481972,28.576294250535906
qwen,bi,lb_rank_mean,6,1,150,0,"[12, 13, 14, 15, 16, 17]",mr,21.428571428571427,5.255736951077274,7.254585731323998,38.03175080588877
qwen,bi,lb_rank_mean,6,1,150,0,"[12, 13, 14, 15, 16, 17]",ta,21.428571428571427,3.620360198671203,4.558914623823108,25.924338288118058
qwen,bi,lb_rank_mean,2,2,150,0,"[15, 16]",en,7.142857142857143,10.20713961564413,11.156588663740715,9.301813082299748
qwen,bi,lb_rank_mean,2,2,150,0,"[15, 16]",hi,7.142857142857143,3.826564129490933,4.0570032962469424,6.022090809351364
qwen,bi,lb_rank_mean,2,2,150,0,"[15, 16]",mr,7.142857142857143,5.255736951077274,5.700105925104184,8.45493178527186
qwen,bi,lb_rank_mean,2,2,150,0,"[15, 16]",ta,7.142857142857143,3.620360198671203,3.821466264165373,5.554863451652771
qwen,bi,lb_rank_mean,4,2,150,0,"[12, 14, 15, 16]",en,14.285714285714286,10.20713961564413,12.59796384068959,23.42305792879651
qwen,bi,lb_rank_mean,4,2,150,0,"[12, 14, 15, 16]",hi,14.285714285714286,3.826564129490933,4.464770755308283,16.678320399722505
qwen,bi,lb_rank_mean,4,2,150,0,"[12, 14, 15, 16]",mr,14.285714285714286,5.255736951077274,6.512568375554781,23.913514625572983
qwen,bi,lb_rank_mean,4,2,150,0,"[12, 14, 15, 16]",ta,14.285714285714286,3.620360198671203,4.203508323171364,16.107461481711027
qwen,bi,lb_rank_mean,6,2,150,0,"[12, 13, 14, 15, 16, 17]",en,21.428571428571427,10.20713961564413,14.06850422171132,37.83003614596406
qwen,bi,lb_rank_mean,6,2,150,0,"[12, 13, 14, 15, 16, 17]",hi,21.428571428571427,3.826564129490933,4.92005435481972,28.576294250535906
qwen,bi,lb_rank_mean,6,2,150,0,"[12, 13, 14, 15, 16, 17]",mr,21.428571428571427,5.255736951077274,7.254585731323998,38.03175080588877
qwen,bi,lb_rank_mean,6,2,150,0,"[12, 13, 14, 15, 16, 17]",ta,21.428571428571427,3.620360198671203,4.558914623823108,25.924338288118058
qwen,bi,lb_rank_mean,2,3,150,0,"[15, 16]",en,7.142857142857143,10.20713961564413,11.156588663740715,9.301813082299748
qwen,bi,lb_rank_mean,2,3,150,0,"[15, 16]",hi,7.142857142857143,3.826564129490933,4.0570032962469424,6.022090809351364
qwen,bi,lb_rank_mean,2,3,150,0,"[15, 16]",mr,7.142857142857143,5.255736951077274,5.700105925104184,8.45493178527186
qwen,bi,lb_rank_mean,2,3,150,0,"[15, 16]",ta,7.142857142857143,3.620360198671203,3.821466264165373,5.554863451652771
qwen,bi,lb_rank_mean,4,3,150,0,"[12, 14, 15, 16]",en,14.285714285714286,10.20713961564413,12.59796384068959,23.42305792879651
qwen,bi,lb_rank_mean,4,3,150,0,"[12, 14, 15, 16]",hi,14.285714285714286,3.826564129490933,4.464770755308283,16.678320399722505
qwen,bi,lb_rank_mean,4,3,150,0,"[12, 14, 15, 16]",mr,14.285714285714286,5.255736951077274,6.512568375554781,23.913514625572983
qwen,bi,lb_rank_mean,4,3,150,0,"[12, 14, 15, 16]",ta,14.285714285714286,3.620360198671203,4.203508323171364,16.107461481711027
qwen,bi,lb_rank_mean,6,3,150,0,"[12, 13, 14, 15, 16, 17]",en,21.428571428571427,10.20713961564413,14.06850422171132,37.83003614596406
qwen,bi,lb_rank_mean,6,3,150,0,"[12, 13, 14, 15, 16, 17]",hi,21.428571428571427,3.826564129490933,4.92005435481972,28.576294250535906
qwen,bi,lb_rank_mean,6,3,150,0,"[12, 13, 14, 15, 16, 17]",mr,21.428571428571427,5.255736951077274,7.254585731323998,38.03175080588877
qwen,bi,lb_rank_mean,6,3,150,0,"[12, 13, 14, 15, 16, 17]",ta,21.428571428571427,3.620360198671203,4.558914623823108,25.924338288118058
qwen,bi,lb_rank_mean,2,4,150,0,"[15, 16]",en,7.142857142857143,10.20713961564413,11.156588663740715,9.301813082299748
qwen,bi,lb_rank_mean,2,4,150,0,"[15, 16]",hi,7.142857142857143,3.826564129490933,4.0570032962469424,6.022090809351364
qwen,bi,lb_rank_mean,2,4,150,0,"[15, 16]",mr,7.142857142857143,5.255736951077274,5.700105925104184,8.45493178527186
qwen,bi,lb_rank_mean,2,4,150,0,"[15, 16]",ta,7.142857142857143,3.620360198671203,3.821466264165373,5.554863451652771
qwen,bi,lb_rank_mean,4,4,150,0,"[12, 14, 15, 16]",en,14.285714285714286,10.20713961564413,12.59796384068959,23.42305792879651
qwen,bi,lb_rank_mean,4,4,150,0,"[12, 14, 15, 16]",hi,14.285714285714286,3.826564129490933,4.464770755308283,16.678320399722505
qwen,bi,lb_rank_mean,4,4,150,0,"[12, 14, 15, 16]",mr,14.285714285714286,5.255736951077274,6.512568375554781,23.913514625572983
qwen,bi,lb_rank_mean,4,4,150,0,"[12, 14, 15, 16]",ta,14.285714285714286,3.620360198671203,4.203508323171364,16.107461481711027
qwen,bi,lb_rank_mean,6,4,150,0,"[12, 13, 14, 15, 16, 17]",en,21.428571428571427,10.20713961564413,14.06850422171132,37.83003614596406
qwen,bi,lb_rank_mean,6,4,150,0,"[12, 13, 14, 15, 16, 17]",hi,21.428571428571427,3.826564129490933,4.92005435481972,28.576294250535906
qwen,bi,lb_rank_mean,6,4,150,0,"[12, 13, 14, 15, 16, 17]",mr,21.428571428571427,5.255736951077274,7.254585731323998,38.03175080588877
qwen,bi,lb_rank_mean,6,4,150,0,"[12, 13, 14, 15, 16, 17]",ta,21.428571428571427,3.620360198671203,4.558914623823108,25.924338288118058
qwen,bi,lb_minimax_rank,2,0,150,0,"[15, 16]",en,7.142857142857143,10.20713961564413,11.156588663740715,9.301813082299748
qwen,bi,lb_minimax_rank,2,0,150,0,"[15, 16]",hi,7.142857142857143,3.826564129490933,4.0570032962469424,6.022090809351364
qwen,bi,lb_minimax_rank,2,0,150,0,"[15, 16]",mr,7.142857142857143,5.255736951077274,5.700105925104184,8.45493178527186
qwen,bi,lb_minimax_rank,2,0,150,0,"[15, 16]",ta,7.142857142857143,3.620360198671203,3.821466264165373,5.554863451652771
qwen,bi,lb_minimax_rank,4,0,150,0,"[12, 14, 15, 16]",en,14.285714285714286,10.20713961564413,12.59796384068959,23.42305792879651
qwen,bi,lb_minimax_rank,4,0,150,0,"[12, 14, 15, 16]",hi,14.285714285714286,3.826564129490933,4.464770755308283,16.678320399722505
qwen,bi,lb_minimax_rank,4,0,150,0,"[12, 14, 15, 16]",mr,14.285714285714286,5.255736951077274,6.512568375554781,23.913514625572983
qwen,bi,lb_minimax_rank,4,0,150,0,"[12, 14, 15, 16]",ta,14.285714285714286,3.620360198671203,4.203508323171364,16.107461481711027
qwen,bi,lb_minimax_rank,6,0,150,1,"[12, 14, 15, 16, 17, 18]",en,21.428571428571427,10.20713961564413,15.434575002585344,51.21351900516092
qwen,bi,lb_minimax_rank,6,0,150,1,"[12, 14, 15, 16, 17, 18]",hi,21.428571428571427,3.826564129490933,5.539644586837656,44.76811048700816
qwen,bi,lb_minimax_rank,6,0,150,1,"[12, 14, 15, 16, 17, 18]",mr,21.428571428571427,5.255736951077274,8.18688632134303,55.7704732476186
qwen,bi,lb_minimax_rank,6,0,150,1,"[12, 14, 15, 16, 17, 18]",ta,21.428571428571427,3.620360198671203,5.137726160450352,41.91201644344878
qwen,bi,lb_minimax_rank,2,1,150,0,"[15, 16]",en,7.142857142857143,10.20713961564413,11.156588663740715,9.301813082299748
qwen,bi,lb_minimax_rank,2,1,150,0,"[15, 16]",hi,7.142857142857143,3.826564129490933,4.0570032962469424,6.022090809351364
qwen,bi,lb_minimax_rank,2,1,150,0,"[15, 16]",mr,7.142857142857143,5.255736951077274,5.700105925104184,8.45493178527186
qwen,bi,lb_minimax_rank,2,1,150,0,"[15, 16]",ta,7.142857142857143,3.620360198671203,3.821466264165373,5.554863451652771
qwen,bi,lb_minimax_rank,4,1,150,0,"[12, 14, 15, 16]",en,14.285714285714286,10.20713961564413,12.59796384068959,23.42305792879651
qwen,bi,lb_minimax_rank,4,1,150,0,"[12, 14, 15, 16]",hi,14.285714285714286,3.826564129490933,4.464770755308283,16.678320399722505
qwen,bi,lb_minimax_rank,4,1,150,0,"[12, 14, 15, 16]",mr,14.285714285714286,5.255736951077274,6.512568375554781,23.913514625572983
qwen,bi,lb_minimax_rank,4,1,150,0,"[12, 14, 15, 16]",ta,14.285714285714286,3.620360198671203,4.203508323171364,16.107461481711027
qwen,bi,lb_minimax_rank,6,1,150,0,"[12, 13, 14, 15, 16, 17]",en,21.428571428571427,10.20713961564413,14.06850422171132,37.83003614596406
qwen,bi,lb_minimax_rank,6,1,150,0,"[12, 13, 14, 15, 16, 17]",hi,21.428571428571427,3.826564129490933,4.92005435481972,28.576294250535906
qwen,bi,lb_minimax_rank,6,1,150,0,"[12, 13, 14, 15, 16, 17]",mr,21.428571428571427,5.255736951077274,7.254585731323998,38.03175080588877
qwen,bi,lb_minimax_rank,6,1,150,0,"[12, 13, 14, 15, 16, 17]",ta,21.428571428571427,3.620360198671203,4.558914623823108,25.924338288118058
qwen,bi,lb_minimax_rank,2,2,150,0,"[15, 16]",en,7.142857142857143,10.20713961564413,11.156588663740715,9.301813082299748
qwen,bi,lb_minimax_rank,2,2,150,0,"[15, 16]",hi,7.142857142857143,3.826564129490933,4.0570032962469424,6.022090809351364
qwen,bi,lb_minimax_rank,2,2,150,0,"[15, 16]",mr,7.142857142857143,5.255736951077274,5.700105925104184,8.45493178527186
qwen,bi,lb_minimax_rank,2,2,150,0,"[15, 16]",ta,7.142857142857143,3.620360198671203,3.821466264165373,5.554863451652771
qwen,bi,lb_minimax_rank,4,2,150,0,"[12, 14, 15, 16]",en,14.285714285714286,10.20713961564413,12.59796384068959,23.42305792879651
qwen,bi,lb_minimax_rank,4,2,150,0,"[12, 14, 15, 16]",hi,14.285714285714286,3.826564129490933,4.464770755308283,16.678320399722505
qwen,bi,lb_minimax_rank,4,2,150,0,"[12, 14, 15, 16]",mr,14.285714285714286,5.255736951077274,6.512568375554781,23.913514625572983
qwen,bi,lb_minimax_rank,4,2,150,0,"[12, 14, 15, 16]",ta,14.285714285714286,3.620360198671203,4.203508323171364,16.107461481711027
qwen,bi,lb_minimax_rank,6,2,150,0,"[12, 13, 14, 15, 16, 17]",en,21.428571428571427,10.20713961564413,14.06850422171132,37.83003614596406
qwen,bi,lb_minimax_rank,6,2,150,0,"[12, 13, 14, 15, 16, 17]",hi,21.428571428571427,3.826564129490933,4.92005435481972,28.576294250535906
qwen,bi,lb_minimax_rank,6,2,150,0,"[12, 13, 14, 15, 16, 17]",mr,21.428571428571427,5.255736951077274,7.254585731323998,38.03175080588877
qwen,bi,lb_minimax_rank,6,2,150,0,"[12, 13, 14, 15, 16, 17]",ta,21.428571428571427,3.620360198671203,4.558914623823108,25.924338288118058
qwen,bi,lb_minimax_rank,2,3,150,0,"[15, 16]",en,7.142857142857143,10.20713961564413,11.156588663740715,9.301813082299748
qwen,bi,lb_minimax_rank,2,3,150,0,"[15, 16]",hi,7.142857142857143,3.826564129490933,4.0570032962469424,6.022090809351364
qwen,bi,lb_minimax_rank,2,3,150,0,"[15, 16]",mr,7.142857142857143,5.255736951077274,5.700105925104184,8.45493178527186
qwen,bi,lb_minimax_rank,2,3,150,0,"[15, 16]",ta,7.142857142857143,3.620360198671203,3.821466264165373,5.554863451652771
qwen,bi,lb_minimax_rank,4,3,150,0,"[12, 14, 15, 16]",en,14.285714285714286,10.20713961564413,12.59796384068959,23.42305792879651
qwen,bi,lb_minimax_rank,4,3,150,0,"[12, 14, 15, 16]",hi,14.285714285714286,3.826564129490933,4.464770755308283,16.678320399722505
qwen,bi,lb_minimax_rank,4,3,150,0,"[12, 14, 15, 16]",mr,14.285714285714286,5.255736951077274,6.512568375554781,23.913514625572983
qwen,bi,lb_minimax_rank,4,3,150,0,"[12, 14, 15, 16]",ta,14.285714285714286,3.620360198671203,4.203508323171364,16.107461481711027
qwen,bi,lb_minimax_rank,6,3,150,0,"[12, 13, 14, 15, 16, 17]",en,21.428571428571427,10.20713961564413,14.06850422171132,37.83003614596406
qwen,bi,lb_minimax_rank,6,3,150,0,"[12, 13, 14, 15, 16, 17]",hi,21.428571428571427,3.826564129490933,4.92005435481972,28.576294250535906
qwen,bi,lb_minimax_rank,6,3,150,0,"[12, 13, 14, 15, 16, 17]",mr,21.428571428571427,5.255736951077274,7.254585731323998,38.03175080588877
qwen,bi,lb_minimax_rank,6,3,150,0,"[12, 13, 14, 15, 16, 17]",ta,21.428571428571427,3.620360198671203,4.558914623823108,25.924338288118058
qwen,bi,lb_minimax_rank,2,4,150,0,"[15, 16]",en,7.142857142857143,10.20713961564413,11.156588663740715,9.301813082299748
qwen,bi,lb_minimax_rank,2,4,150,0,"[15, 16]",hi,7.142857142857143,3.826564129490933,4.0570032962469424,6.022090809351364
qwen,bi,lb_minimax_rank,2,4,150,0,"[15, 16]",mr,7.142857142857143,5.255736951077274,5.700105925104184,8.45493178527186
qwen,bi,lb_minimax_rank,2,4,150,0,"[15, 16]",ta,7.142857142857143,3.620360198671203,3.821466264165373,5.554863451652771
qwen,bi,lb_minimax_rank,4,4,150,0,"[14, 15, 16, 17]",en,14.285714285714286,10.20713961564413,12.547535264344065,22.929005939263263
qwen,bi,lb_minimax_rank,4,4,150,0,"[14, 15, 16, 17]",hi,14.285714285714286,3.826564129490933,4.552729188402685,18.976947317183924
qwen,bi,lb_minimax_rank,4,4,150,0,"[14, 15, 16, 17]",mr,14.285714285714286,5.255736951077274,6.6014687973933786,25.605007610593393
qwen,bi,lb_minimax_rank,4,4,150,0,"[14, 15, 16, 17]",ta,14.285714285714286,3.620360198671203,4.256946139292086,17.583497378369493
qwen,bi,lb_minimax_rank,6,4,150,0,"[12, 13, 14, 15, 16, 17]",en,21.428571428571427,10.20713961564413,14.06850422171132,37.83003614596406
qwen,bi,lb_minimax_rank,6,4,150,0,"[12, 13, 14, 15, 16, 17]",hi,21.428571428571427,3.826564129490933,4.92005435481972,28.576294250535906
qwen,bi,lb_minimax_rank,6,4,150,0,"[12, 13, 14, 15, 16, 17]",mr,21.428571428571427,5.255736951077274,7.254585731323998,38.03175080588877
qwen,bi,lb_minimax_rank,6,4,150,0,"[12, 13, 14, 15, 16, 17]",ta,21.428571428571427,3.620360198671203,4.558914623823108,25.924338288118058
