model,metric,calibration,pruned_layers,seed,removed_layer_ids,evaluation_language,baseline_ppl,pruned_ppl,relative_ppl_degradation_pct
qwen,random,random,2,0,"[10, 20]",en,11.228434188935378,13.449687057546724,19.78239201686904
qwen,random,random,2,0,"[10, 20]",hi,3.8943416027763424,4.704024849766712,20.791274355930465
qwen,random,random,2,0,"[10, 20]",mr,5.485702615133021,6.776319035173322,23.526911875973166
qwen,random,random,2,1,"[9, 15]",en,11.228434188935378,12.76315482203451,13.668162517365626
qwen,random,random,2,1,"[9, 15]",hi,3.8943416027763424,4.286046533991497,10.058309495394587
qwen,random,random,2,1,"[9, 15]",mr,5.485702615133021,6.224016203439394,13.458870086570853
qwen,random,random,2,2,"[5, 8]",en,11.228434188935378,16.83071715261319,49.89371509340424
qwen,random,random,2,2,"[5, 8]",hi,3.8943416027763424,7.174602197607148,84.23145500364559
qwen,random,random,2,2,"[5, 8]",mr,5.485702615133021,10.688422913629237,94.84145721176789
qwen,random,random,2,3,"[7, 21]",en,11.228434188935378,16.63232914979863,48.12687922407123
qwen,random,random,2,3,"[7, 21]",hi,3.8943416027763424,8.10717834074474,108.17840774330107
qwen,random,random,2,3,"[7, 21]",mr,5.485702615133021,12.740362878446712,132.24669239817652
qwen,random,random,2,4,"[10, 19]",en,11.228434188935378,13.734162109928379,22.31591581542307
qwen,random,random,2,4,"[10, 19]",hi,3.8943416027763424,4.80200175837512,23.30715299735624
qwen,random,random,2,4,"[10, 19]",mr,5.485702615133021,6.876661371231522,25.356072935148937
qwen,random,random,2,5,"[2, 23]",en,11.228434188935378,18.760156540221267,67.07722755063864
qwen,random,random,2,5,"[2, 23]",hi,3.8943416027763424,14.274215509210352,266.53732428182525
qwen,random,random,2,5,"[2, 23]",mr,5.485702615133021,16.57422511782918,202.134954820683
qwen,random,random,2,6,"[9, 19]",en,11.228434188935378,13.660052187946201,21.655895720589132
qwen,random,random,2,6,"[9, 19]",hi,3.8943416027763424,4.890840615862309,25.588382189573327
qwen,random,random,2,6,"[9, 19]",mr,5.485702615133021,7.18165911952411,30.915939550069194
qwen,random,random,2,7,"[5, 6]",en,11.228434188935378,15.079903731351843,34.30103857412056
qwen,random,random,2,7,"[5, 6]",hi,3.8943416027763424,7.3981643336270535,89.97214646893781
qwen,random,random,2,7,"[5, 6]",mr,5.485702615133021,9.944446627250443,81.27936063864271
qwen,random,random,2,8,"[9, 15]",en,11.228434188935378,12.76315482203451,13.668162517365626
qwen,random,random,2,8,"[9, 15]",hi,3.8943416027763424,4.286046533991497,10.058309495394587
qwen,random,random,2,8,"[9, 15]",mr,5.485702615133021,6.224016203439394,13.458870086570853
qwen,random,random,2,9,"[6, 26]",en,11.228434188935378,17.81646693626787,58.67276448771825
qwen,random,random,2,9,"[6, 26]",hi,3.8943416027763424,6.993999212167752,79.5938807006969
qwen,random,random,2,9,"[6, 26]",mr,5.485702615133021,10.559622315532943,92.49352464719574
qwen,random,random,4,0,"[18, 20, 24, 26]",en,11.228434188935378,31.38854691720814,179.5451831399498
qwen,random,random,4,0,"[18, 20, 24, 26]",hi,3.8943416027763424,14.95645211756008,284.05598797232807
qwen,random,random,4,0,"[18, 20, 24, 26]",mr,5.485702615133021,19.096843741145204,248.1202879730317
qwen,random,random,4,1,"[1, 5, 17, 25]",en,11.228434188935378,498.57803918332667,4340.316706621757
qwen,random,random,4,1,"[1, 5, 17, 25]",hi,3.8943416027763424,254.17889498642128,6426.877221176818
qwen,random,random,4,1,"[1, 5, 17, 25]",mr,5.485702615133021,377.2146713798513,6776.323742728157
qwen,random,random,4,2,"[2, 3, 18, 26]",en,11.228434188935378,31.96498681996342,184.67893458788822
qwen,random,random,4,2,"[2, 3, 18, 26]",hi,3.8943416027763424,19.0766876179996,389.85655506952713
qwen,random,random,4,2,"[2, 3, 18, 26]",mr,5.485702615133021,19.43960252653395,254.3685082911219
qwen,random,random,4,3,"[4, 16, 19, 26]",en,11.228434188935378,23.99543811570546,113.70244249506159
qwen,random,random,4,3,"[4, 16, 19, 26]",hi,3.8943416027763424,11.80055779355761,203.01804508224936
qwen,random,random,4,3,"[4, 16, 19, 26]",mr,5.485702615133021,17.683365279733284,222.35369870308736
qwen,random,random,4,4,"[3, 8, 14, 27]",en,11.228434188935378,33.272747330597596,196.32579904493653
qwen,random,random,4,4,"[3, 8, 14, 27]",hi,3.8943416027763424,17.74549159971058,355.6737289574062
qwen,random,random,4,4,"[3, 8, 14, 27]",mr,5.485702615133021,26.53430388646186,383.6992769761807
qwen,random,random,4,5,"[9, 11, 12, 24]",en,11.228434188935378,19.56710964584488,74.26392065535303
qwen,random,random,4,5,"[9, 11, 12, 24]",hi,3.8943416027763424,6.535193749816092,67.81254487682953
qwen,random,random,4,5,"[9, 11, 12, 24]",mr,5.485702615133021,9.19184829724006,67.56009106077236
qwen,random,random,4,6,"[5, 9, 12, 14]",en,11.228434188935378,19.303653992551137,71.91759481097702
qwen,random,random,4,6,"[5, 9, 12, 14]",hi,3.8943416027763424,7.575858827486944,94.53503570631773
qwen,random,random,4,6,"[5, 9, 12, 14]",mr,5.485702615133021,10.915923356619457,98.98860952663509
qwen,random,random,4,7,"[3, 8, 21, 25]",en,11.228434188935378,27.677580860035167,146.49546316359016
qwen,random,random,4,7,"[3, 8, 21, 25]",hi,3.8943416027763424,16.425295781773855,321.77336908667644
qwen,random,random,4,7,"[3, 8, 21, 25]",mr,5.485702615133021,21.460688053432925,291.21129158971974
qwen,random,random,4,8,"[2, 6, 15, 23]",en,11.228434188935378,24.278343910548944,116.22199054675933
qwen,random,random,4,8,"[2, 6, 15, 23]",hi,3.8943416027763424,16.886841613194104,333.62507287894795
qwen,random,random,4,8,"[2, 6, 15, 23]",mr,5.485702615133021,20.898046444366578,280.9547821042397
qwen,random,random,4,9,"[2, 6, 10, 26]",en,11.228434188935378,26.4781821749733,135.81366492814456
qwen,random,random,4,9,"[2, 6, 10, 26]",hi,3.8943416027763424,15.4577733672064,296.9290561512706
qwen,random,random,4,9,"[2, 6, 10, 26]",mr,5.485702615133021,17.198962905468044,213.52342830292108
qwen,random,random,6,0,"[6, 7, 12, 13, 22, 25]",en,11.228434188935378,35.10969260136013,212.68556247991913
qwen,random,random,6,0,"[6, 7, 12, 13, 22, 25]",hi,3.8943416027763424,37.96869253626469,874.9707757839262
qwen,random,random,6,0,"[6, 7, 12, 13, 22, 25]",mr,5.485702615133021,48.288567213575824,780.2622125443978
qwen,random,random,6,1,"[2, 3, 5, 6, 13, 15]",en,11.228434188935378,113.9730170798009,915.0392758423178
qwen,random,random,6,1,"[2, 3, 5, 6, 13, 15]",hi,3.8943416027763424,31.75939103573777,715.5265838285978
qwen,random,random,6,1,"[2, 3, 5, 6, 13, 15]",mr,5.485702615133021,43.16068513678858,686.7849966515545
qwen,random,random,6,2,"[3, 9, 10, 19, 22, 26]",en,11.228434188935378,43.45981879457462,287.05146294930785
qwen,random,random,6,2,"[3, 9, 10, 19, 22, 26]",hi,3.8943416027763424,36.17174369335868,828.8282175238871
qwen,random,random,6,2,"[3, 9, 10, 19, 22, 26]",mr,5.485702615133021,39.62430317300251,622.3195632897368
qwen,random,random,6,3,"[0, 10, 15, 19, 21, 23]",en,11.228434188935378,567994.7141501477,5058438.925310316
qwen,random,random,6,3,"[0, 10, 15, 19, 21, 23]",hi,3.8943416027763424,6521804.623260336,167468635.11586222
qwen,random,random,6,3,"[0, 10, 15, 19, 21, 23]",mr,5.485702615133021,6099528.776563985,111189463.20631829
qwen,random,random,6,4,"[2, 4, 11, 12, 26, 27]",en,11.228434188935378,116.43649392171912,936.9789051839206
qwen,random,random,6,4,"[2, 4, 11, 12, 26, 27]",hi,3.8943416027763424,54.98610748338279,1311.9487474900059
qwen,random,random,6,4,"[2, 4, 11, 12, 26, 27]",mr,5.485702615133021,91.64352477218047,1570.5886410861926
qwen,random,random,6,5,"[1, 2, 5, 18, 26, 27]",en,11.228434188935378,6747.594094608167,59993.81166661084
qwen,random,random,6,5,"[1, 2, 5, 18, 26, 27]",hi,3.8943416027763424,1411.8436963341035,36153.71989266622
qwen,random,random,6,5,"[1, 2, 5, 18, 26, 27]",mr,5.485702615133021,2302.3245628792647,41869.54746558817
qwen,random,random,6,6,"[2, 4, 7, 19, 21, 23]",en,11.228434188935378,138.93158615522213,1137.3193253617396
qwen,random,random,6,6,"[2, 4, 7, 19, 21, 23]",hi,3.8943416027763424,252.396511775703,6381.108683320571
qwen,random,random,6,6,"[2, 4, 7, 19, 21, 23]",mr,5.485702615133021,424.1081805286991,7631.155155198202
qwen,random,random,6,7,"[1, 5, 10, 14, 19, 23]",en,11.228434188935378,1173.8281647810618,10354.068172192388
qwen,random,random,6,7,"[1, 5, 10, 14, 19, 23]",hi,3.8943416027763424,835.0212832112718,21341.91158310229
qwen,random,random,6,7,"[1, 5, 10, 14, 19, 23]",mr,5.485702615133021,1470.2318344467262,26701.158166884612
qwen,random,random,6,8,"[1, 8, 11, 12, 22, 24]",en,11.228434188935378,1219.400427361046,10759.932977677838
qwen,random,random,6,8,"[1, 8, 11, 12, 22, 24]",hi,3.8943416027763424,1458.386656446248,37348.86312506688
qwen,random,random,6,8,"[1, 8, 11, 12, 22, 24]",mr,5.485702615133021,3404.8034418133693,61966.861452182595
qwen,random,random,6,9,"[4, 5, 14, 17, 23, 27]",en,11.228434188935378,53.6526377846111,377.828314098158
qwen,random,random,6,9,"[4, 5, 14, 17, 23, 27]",hi,3.8943416027763424,42.61996558702634,994.4074745944691
qwen,random,random,6,9,"[4, 5, 14, 17, 23, 27]",mr,5.485702615133021,64.45405253819364,1074.9461656997007
