metric,pair,spearman_rho,spearman_p,kendall_tau,kendall_p,jaccard_k2,jaccard_k4,jaccard_k6
bi,en-hi,0.909688013136289,2.020266965196348e-11,0.783068783068783,1.571399129461326e-11,1.0,0.6,0.7142857142857143
bi,en-mr,0.906951286261631,2.9312695553568264e-11,0.783068783068783,1.571399129461326e-11,1.0,0.6,0.7142857142857143
bi,en-ta,0.8981937602627257,8.969286128156192e-11,0.7777777777777777,2.4780430559450263e-11,1.0,0.6,0.7142857142857143
bi,hi-mr,0.9989053092501368,4.090796586083237e-36,0.9894179894179893,2.6567102820265685e-27,1.0,1.0,1.0
bi,hi-ta,0.9901477832512315,9.901921909288922e-24,0.9417989417989417,7.086525615636766e-21,1.0,1.0,1.0
bi,mr-ta,0.9885057471264367,7.278400821613469e-23,0.9417989417989417,7.086525615636766e-21,1.0,1.0,1.0
rl2,en-hi,0.962233169129721,3.2655762829871813e-16,0.8624338624338624,3.8902983568314586e-15,0.3333333333333333,0.6,1.0
rl2,en-mr,0.9616858237547894,3.925087925968269e-16,0.857142857142857,7.53280116787794e-15,0.3333333333333333,0.6,1.0
rl2,en-ta,0.9512862616310892,8.394478327545039e-15,0.8465608465608466,2.6728317404272856e-14,0.3333333333333333,0.6,0.7142857142857143
rl2,hi-mr,0.9978106185002736,3.3307893203398817e-32,0.9841269841269842,2.644246702925703e-26,1.0,1.0,1.0
rl2,hi-ta,0.9819376026272578,2.4995987711854643e-20,0.9206349206349207,5.349849693983128e-19,1.0,1.0,0.7142857142857143
rl2,mr-ta,0.9764641488779421,7.566822385523749e-19,0.9047619047619047,8.648834862546886e-18,1.0,1.0,0.7142857142857143
