model,metric,calibration,pruned_layers,budget,removed_layer_ids,evaluation_language,pruned_fraction_pct,baseline_ppl,pruned_ppl,relative_ppl_degradation_pct
qwen,bi,en,2,full_pool_diagnostic,"[15, 16]",en,7.142857142857143,10.20713961564413,11.156588663740715,9.301813082299748
qwen,bi,en,2,full_pool_diagnostic,"[15, 16]",hi,7.142857142857143,3.826564129490933,4.0570032962469424,6.022090809351364
qwen,bi,en,2,full_pool_diagnostic,"[15, 16]",mr,7.142857142857143,5.255736951077274,5.700105925104184,8.45493178527186
qwen,bi,en,2,full_pool_diagnostic,"[15, 16]",ta,7.142857142857143,3.620360198671203,3.821466264165373,5.554863451652771
qwen,bi,en,4,full_pool_diagnostic,"[14, 15, 16, 17]",en,14.285714285714286,10.20713961564413,12.547535264344065,22.929005939263263
qwen,bi,en,4,full_pool_diagnostic,"[14, 15, 16, 17]",hi,14.285714285714286,3.826564129490933,4.552729188402685,18.976947317183924
qwen,bi,en,4,full_pool_diagnostic,"[14, 15, 16, 17]",mr,14.285714285714286,5.255736951077274,6.6014687973933786,25.605007610593393
qwen,bi,en,4,full_pool_diagnostic,"[14, 15, 16, 17]",ta,14.285714285714286,3.620360198671203,4.256946139292086,17.583497378369493
qwen,bi,en,6,full_pool_diagnostic,"[12, 14, 15, 16, 17, 26]",en,21.428571428571427,10.20713961564413,19.741173522865655,93.40554030052691
qwen,bi,en,6,full_pool_diagnostic,"[12, 14, 15, 16, 17, 26]",hi,21.428571428571427,3.826564129490933,7.13148544196253,86.36785378823032
qwen,bi,en,6,full_pool_diagnostic,"[12, 14, 15, 16, 17, 26]",mr,21.428571428571427,5.255736951077274,10.90755662453725,107.53619760786388
qwen,bi,en,6,full_pool_diagnostic,"[12, 14, 15, 16, 17, 26]",ta,21.428571428571427,3.620360198671203,6.255128182291266,72.77640452977893
qwen,bi,hi,2,full_pool_diagnostic,"[15, 16]",en,7.142857142857143,10.20713961564413,11.156588663740715,9.301813082299748
qwen,bi,hi,2,full_pool_diagnostic,"[15, 16]",hi,7.142857142857143,3.826564129490933,4.0570032962469424,6.022090809351364
qwen,bi,hi,2,full_pool_diagnostic,"[15, 16]",mr,7.142857142857143,5.255736951077274,5.700105925104184,8.45493178527186
qwen,bi,hi,2,full_pool_diagnostic,"[15, 16]",ta,7.142857142857143,3.620360198671203,3.821466264165373,5.554863451652771
qwen,bi,hi,4,full_pool_diagnostic,"[12, 14, 15, 16]",en,14.285714285714286,10.20713961564413,12.59796384068959,23.42305792879651
qwen,bi,hi,4,full_pool_diagnostic,"[12, 14, 15, 16]",hi,14.285714285714286,3.826564129490933,4.464770755308283,16.678320399722505
qwen,bi,hi,4,full_pool_diagnostic,"[12, 14, 15, 16]",mr,14.285714285714286,5.255736951077274,6.512568375554781,23.913514625572983
qwen,bi,hi,4,full_pool_diagnostic,"[12, 14, 15, 16]",ta,14.285714285714286,3.620360198671203,4.203508323171364,16.107461481711027
qwen,bi,hi,6,full_pool_diagnostic,"[12, 13, 14, 15, 16, 17]",en,21.428571428571427,10.20713961564413,14.06850422171132,37.83003614596406
qwen,bi,hi,6,full_pool_diagnostic,"[12, 13, 14, 15, 16, 17]",hi,21.428571428571427,3.826564129490933,4.92005435481972,28.576294250535906
qwen,bi,hi,6,full_pool_diagnostic,"[12, 13, 14, 15, 16, 17]",mr,21.428571428571427,5.255736951077274,7.254585731323998,38.03175080588877
qwen,bi,hi,6,full_pool_diagnostic,"[12, 13, 14, 15, 16, 17]",ta,21.428571428571427,3.620360198671203,4.558914623823108,25.924338288118058
qwen,bi,mr,2,full_pool_diagnostic,"[15, 16]",en,7.142857142857143,10.20713961564413,11.156588663740715,9.301813082299748
qwen,bi,mr,2,full_pool_diagnostic,"[15, 16]",hi,7.142857142857143,3.826564129490933,4.0570032962469424,6.022090809351364
qwen,bi,mr,2,full_pool_diagnostic,"[15, 16]",mr,7.142857142857143,5.255736951077274,5.700105925104184,8.45493178527186
qwen,bi,mr,2,full_pool_diagnostic,"[15, 16]",ta,7.142857142857143,3.620360198671203,3.821466264165373,5.554863451652771
qwen,bi,mr,4,full_pool_diagnostic,"[12, 14, 15, 16]",en,14.285714285714286,10.20713961564413,12.59796384068959,23.42305792879651
qwen,bi,mr,4,full_pool_diagnostic,"[12, 14, 15, 16]",hi,14.285714285714286,3.826564129490933,4.464770755308283,16.678320399722505
qwen,bi,mr,4,full_pool_diagnostic,"[12, 14, 15, 16]",mr,14.285714285714286,5.255736951077274,6.512568375554781,23.913514625572983
qwen,bi,mr,4,full_pool_diagnostic,"[12, 14, 15, 16]",ta,14.285714285714286,3.620360198671203,4.203508323171364,16.107461481711027
qwen,bi,mr,6,full_pool_diagnostic,"[12, 13, 14, 15, 16, 17]",en,21.428571428571427,10.20713961564413,14.06850422171132,37.83003614596406
qwen,bi,mr,6,full_pool_diagnostic,"[12, 13, 14, 15, 16, 17]",hi,21.428571428571427,3.826564129490933,4.92005435481972,28.576294250535906
qwen,bi,mr,6,full_pool_diagnostic,"[12, 13, 14, 15, 16, 17]",mr,21.428571428571427,5.255736951077274,7.254585731323998,38.03175080588877
qwen,bi,mr,6,full_pool_diagnostic,"[12, 13, 14, 15, 16, 17]",ta,21.428571428571427,3.620360198671203,4.558914623823108,25.924338288118058
qwen,bi,ta,2,full_pool_diagnostic,"[15, 16]",en,7.142857142857143,10.20713961564413,11.156588663740715,9.301813082299748
qwen,bi,ta,2,full_pool_diagnostic,"[15, 16]",hi,7.142857142857143,3.826564129490933,4.0570032962469424,6.022090809351364
qwen,bi,ta,2,full_pool_diagnostic,"[15, 16]",mr,7.142857142857143,5.255736951077274,5.700105925104184,8.45493178527186
qwen,bi,ta,2,full_pool_diagnostic,"[15, 16]",ta,7.142857142857143,3.620360198671203,3.821466264165373,5.554863451652771
qwen,bi,ta,4,full_pool_diagnostic,"[12, 14, 15, 16]",en,14.285714285714286,10.20713961564413,12.59796384068959,23.42305792879651
qwen,bi,ta,4,full_pool_diagnostic,"[12, 14, 15, 16]",hi,14.285714285714286,3.826564129490933,4.464770755308283,16.678320399722505
qwen,bi,ta,4,full_pool_diagnostic,"[12, 14, 15, 16]",mr,14.285714285714286,5.255736951077274,6.512568375554781,23.913514625572983
qwen,bi,ta,4,full_pool_diagnostic,"[12, 14, 15, 16]",ta,14.285714285714286,3.620360198671203,4.203508323171364,16.107461481711027
qwen,bi,ta,6,full_pool_diagnostic,"[12, 13, 14, 15, 16, 17]",en,21.428571428571427,10.20713961564413,14.06850422171132,37.83003614596406
qwen,bi,ta,6,full_pool_diagnostic,"[12, 13, 14, 15, 16, 17]",hi,21.428571428571427,3.826564129490933,4.92005435481972,28.576294250535906
qwen,bi,ta,6,full_pool_diagnostic,"[12, 13, 14, 15, 16, 17]",mr,21.428571428571427,5.255736951077274,7.254585731323998,38.03175080588877
qwen,bi,ta,6,full_pool_diagnostic,"[12, 13, 14, 15, 16, 17]",ta,21.428571428571427,3.620360198671203,4.558914623823108,25.924338288118058
qwen,bi,lb_mean,2,full_pool_diagnostic,"[15, 16]",en,7.142857142857143,10.20713961564413,11.156588663740715,9.301813082299748
qwen,bi,lb_mean,2,full_pool_diagnostic,"[15, 16]",hi,7.142857142857143,3.826564129490933,4.0570032962469424,6.022090809351364
qwen,bi,lb_mean,2,full_pool_diagnostic,"[15, 16]",mr,7.142857142857143,5.255736951077274,5.700105925104184,8.45493178527186
qwen,bi,lb_mean,2,full_pool_diagnostic,"[15, 16]",ta,7.142857142857143,3.620360198671203,3.821466264165373,5.554863451652771
qwen,bi,lb_mean,4,full_pool_diagnostic,"[14, 15, 16, 17]",en,14.285714285714286,10.20713961564413,12.547535264344065,22.929005939263263
qwen,bi,lb_mean,4,full_pool_diagnostic,"[14, 15, 16, 17]",hi,14.285714285714286,3.826564129490933,4.552729188402685,18.976947317183924
qwen,bi,lb_mean,4,full_pool_diagnostic,"[14, 15, 16, 17]",mr,14.285714285714286,5.255736951077274,6.6014687973933786,25.605007610593393
qwen,bi,lb_mean,4,full_pool_diagnostic,"[14, 15, 16, 17]",ta,14.285714285714286,3.620360198671203,4.256946139292086,17.583497378369493
qwen,bi,lb_mean,6,full_pool_diagnostic,"[12, 13, 14, 15, 16, 17]",en,21.428571428571427,10.20713961564413,14.06850422171132,37.83003614596406
qwen,bi,lb_mean,6,full_pool_diagnostic,"[12, 13, 14, 15, 16, 17]",hi,21.428571428571427,3.826564129490933,4.92005435481972,28.576294250535906
qwen,bi,lb_mean,6,full_pool_diagnostic,"[12, 13, 14, 15, 16, 17]",mr,21.428571428571427,5.255736951077274,7.254585731323998,38.03175080588877
qwen,bi,lb_mean,6,full_pool_diagnostic,"[12, 13, 14, 15, 16, 17]",ta,21.428571428571427,3.620360198671203,4.558914623823108,25.924338288118058
qwen,bi,lb_rank_mean,2,full_pool_diagnostic,"[15, 16]",en,7.142857142857143,10.20713961564413,11.156588663740715,9.301813082299748
qwen,bi,lb_rank_mean,2,full_pool_diagnostic,"[15, 16]",hi,7.142857142857143,3.826564129490933,4.0570032962469424,6.022090809351364
qwen,bi,lb_rank_mean,2,full_pool_diagnostic,"[15, 16]",mr,7.142857142857143,5.255736951077274,5.700105925104184,8.45493178527186
qwen,bi,lb_rank_mean,2,full_pool_diagnostic,"[15, 16]",ta,7.142857142857143,3.620360198671203,3.821466264165373,5.554863451652771
qwen,bi,lb_rank_mean,4,full_pool_diagnostic,"[12, 14, 15, 16]",en,14.285714285714286,10.20713961564413,12.59796384068959,23.42305792879651
qwen,bi,lb_rank_mean,4,full_pool_diagnostic,"[12, 14, 15, 16]",hi,14.285714285714286,3.826564129490933,4.464770755308283,16.678320399722505
qwen,bi,lb_rank_mean,4,full_pool_diagnostic,"[12, 14, 15, 16]",mr,14.285714285714286,5.255736951077274,6.512568375554781,23.913514625572983
qwen,bi,lb_rank_mean,4,full_pool_diagnostic,"[12, 14, 15, 16]",ta,14.285714285714286,3.620360198671203,4.203508323171364,16.107461481711027
qwen,bi,lb_rank_mean,6,full_pool_diagnostic,"[12, 13, 14, 15, 16, 17]",en,21.428571428571427,10.20713961564413,14.06850422171132,37.83003614596406
qwen,bi,lb_rank_mean,6,full_pool_diagnostic,"[12, 13, 14, 15, 16, 17]",hi,21.428571428571427,3.826564129490933,4.92005435481972,28.576294250535906
qwen,bi,lb_rank_mean,6,full_pool_diagnostic,"[12, 13, 14, 15, 16, 17]",mr,21.428571428571427,5.255736951077274,7.254585731323998,38.03175080588877
qwen,bi,lb_rank_mean,6,full_pool_diagnostic,"[12, 13, 14, 15, 16, 17]",ta,21.428571428571427,3.620360198671203,4.558914623823108,25.924338288118058
qwen,bi,lb_minimax_rank,2,full_pool_diagnostic,"[15, 16]",en,7.142857142857143,10.20713961564413,11.156588663740715,9.301813082299748
qwen,bi,lb_minimax_rank,2,full_pool_diagnostic,"[15, 16]",hi,7.142857142857143,3.826564129490933,4.0570032962469424,6.022090809351364
qwen,bi,lb_minimax_rank,2,full_pool_diagnostic,"[15, 16]",mr,7.142857142857143,5.255736951077274,5.700105925104184,8.45493178527186
qwen,bi,lb_minimax_rank,2,full_pool_diagnostic,"[15, 16]",ta,7.142857142857143,3.620360198671203,3.821466264165373,5.554863451652771
qwen,bi,lb_minimax_rank,4,full_pool_diagnostic,"[14, 15, 16, 17]",en,14.285714285714286,10.20713961564413,12.547535264344065,22.929005939263263
qwen,bi,lb_minimax_rank,4,full_pool_diagnostic,"[14, 15, 16, 17]",hi,14.285714285714286,3.826564129490933,4.552729188402685,18.976947317183924
qwen,bi,lb_minimax_rank,4,full_pool_diagnostic,"[14, 15, 16, 17]",mr,14.285714285714286,5.255736951077274,6.6014687973933786,25.605007610593393
qwen,bi,lb_minimax_rank,4,full_pool_diagnostic,"[14, 15, 16, 17]",ta,14.285714285714286,3.620360198671203,4.256946139292086,17.583497378369493
qwen,bi,lb_minimax_rank,6,full_pool_diagnostic,"[12, 13, 14, 15, 16, 17]",en,21.428571428571427,10.20713961564413,14.06850422171132,37.83003614596406
qwen,bi,lb_minimax_rank,6,full_pool_diagnostic,"[12, 13, 14, 15, 16, 17]",hi,21.428571428571427,3.826564129490933,4.92005435481972,28.576294250535906
qwen,bi,lb_minimax_rank,6,full_pool_diagnostic,"[12, 13, 14, 15, 16, 17]",mr,21.428571428571427,5.255736951077274,7.254585731323998,38.03175080588877
qwen,bi,lb_minimax_rank,6,full_pool_diagnostic,"[12, 13, 14, 15, 16, 17]",ta,21.428571428571427,3.620360198671203,4.558914623823108,25.924338288118058
qwen,none,deep_block,2,calibration_free,"[25, 26]",en,7.142857142857143,10.20713961564413,23.230802153146488,127.59365530320996
qwen,none,deep_block,2,calibration_free,"[25, 26]",hi,7.142857142857143,3.826564129490933,8.562727214186332,123.77064448480768
qwen,none,deep_block,2,calibration_free,"[25, 26]",mr,7.142857142857143,5.255736951077274,13.553087539397826,157.87225779288354
qwen,none,deep_block,2,calibration_free,"[25, 26]",ta,7.142857142857143,3.620360198671203,8.299994462600466,129.25880318888852
qwen,none,deep_block,4,calibration_free,"[23, 24, 25, 26]",en,14.285714285714286,10.20713961564413,110.59491250754331,983.5054351371693
qwen,none,deep_block,4,calibration_free,"[23, 24, 25, 26]",hi,14.285714285714286,3.826564129490933,83.93157349499663,2093.3925750295075
qwen,none,deep_block,4,calibration_free,"[23, 24, 25, 26]",mr,14.285714285714286,5.255736951077274,105.16979052693672,1901.0474554929917
qwen,none,deep_block,4,calibration_free,"[23, 24, 25, 26]",ta,14.285714285714286,3.620360198671203,3868.7367994765045,106760.54942534349
qwen,none,deep_block,6,calibration_free,"[21, 22, 23, 24, 25, 26]",en,21.428571428571427,10.20713961564413,630.1469477017383,6073.589971630582
qwen,none,deep_block,6,calibration_free,"[21, 22, 23, 24, 25, 26]",hi,21.428571428571427,3.826564129490933,8620.885936748527,225190.51245497895
qwen,none,deep_block,6,calibration_free,"[21, 22, 23, 24, 25, 26]",mr,21.428571428571427,5.255736951077274,14345.335275624006,272846.2187540346
qwen,none,deep_block,6,calibration_free,"[21, 22, 23, 24, 25, 26]",ta,21.428571428571427,3.620360198671203,66245.37987148539,1829700.7998154361
