model,calibration,pruned_layers,removed_layer_ids,evaluation_language,accuracy,n_questions,seed
qwen,baseline,0,[],en,0.7666666666666667,300,
qwen,baseline,0,[],hi,0.4633333333333333,300,
qwen,baseline,0,[],mr,0.38,300,
qwen,en,2,"[15, 16]",en,0.44666666666666666,300,
qwen,en,2,"[15, 16]",hi,0.28,300,
qwen,en,2,"[15, 16]",mr,0.28,300,
qwen,en,4,"[14, 15, 16, 17]",en,0.21666666666666667,300,
qwen,en,4,"[14, 15, 16, 17]",hi,0.24,300,
qwen,en,4,"[14, 15, 16, 17]",mr,0.22666666666666666,300,
qwen,en,6,"[12, 14, 15, 16, 17, 26]",en,0.24666666666666667,300,
qwen,en,6,"[12, 14, 15, 16, 17, 26]",hi,0.22666666666666666,300,
qwen,en,6,"[12, 14, 15, 16, 17, 26]",mr,0.23,300,
qwen,hi,2,"[15, 16]",en,0.44666666666666666,300,
qwen,hi,2,"[15, 16]",hi,0.28,300,
qwen,hi,2,"[15, 16]",mr,0.28,300,
qwen,hi,4,"[12, 14, 15, 16]",en,0.2833333333333333,300,
qwen,hi,4,"[12, 14, 15, 16]",hi,0.23333333333333334,300,
qwen,hi,4,"[12, 14, 15, 16]",mr,0.25666666666666665,300,
qwen,hi,6,"[12, 13, 14, 15, 16, 17]",en,0.22333333333333333,300,
qwen,hi,6,"[12, 13, 14, 15, 16, 17]",hi,0.23666666666666666,300,
qwen,hi,6,"[12, 13, 14, 15, 16, 17]",mr,0.22333333333333333,300,
qwen,mr,2,"[15, 16]",en,0.44666666666666666,300,
qwen,mr,2,"[15, 16]",hi,0.28,300,
qwen,mr,2,"[15, 16]",mr,0.28,300,
qwen,mr,4,"[12, 14, 15, 16]",en,0.2833333333333333,300,
qwen,mr,4,"[12, 14, 15, 16]",hi,0.23333333333333334,300,
qwen,mr,4,"[12, 14, 15, 16]",mr,0.25666666666666665,300,
qwen,mr,6,"[12, 13, 14, 15, 16, 17]",en,0.22333333333333333,300,
qwen,mr,6,"[12, 13, 14, 15, 16, 17]",hi,0.23666666666666666,300,
qwen,mr,6,"[12, 13, 14, 15, 16, 17]",mr,0.22333333333333333,300,
qwen,mixed,2,"[15, 16]",en,0.44666666666666666,300,
qwen,mixed,2,"[15, 16]",hi,0.28,300,
qwen,mixed,2,"[15, 16]",mr,0.28,300,
qwen,mixed,4,"[14, 15, 16, 17]",en,0.21666666666666667,300,
qwen,mixed,4,"[14, 15, 16, 17]",hi,0.24,300,
qwen,mixed,4,"[14, 15, 16, 17]",mr,0.22666666666666666,300,
qwen,mixed,6,"[12, 13, 14, 15, 16, 17]",en,0.22333333333333333,300,
qwen,mixed,6,"[12, 13, 14, 15, 16, 17]",hi,0.23666666666666666,300,
qwen,mixed,6,"[12, 13, 14, 15, 16, 17]",mr,0.22333333333333333,300,
qwen,random,2,"[10, 20]",en,0.6466666666666666,300,0.0
qwen,random,2,"[10, 20]",hi,0.32666666666666666,300,0.0
qwen,random,2,"[10, 20]",mr,0.2733333333333333,300,0.0
qwen,random,2,"[9, 15]",en,0.48333333333333334,300,1.0
qwen,random,2,"[9, 15]",hi,0.29333333333333333,300,1.0
qwen,random,2,"[9, 15]",mr,0.2866666666666667,300,1.0
qwen,random,4,"[18, 20, 24, 26]",en,0.37333333333333335,300,0.0
qwen,random,4,"[18, 20, 24, 26]",hi,0.28,300,0.0
qwen,random,4,"[18, 20, 24, 26]",mr,0.21666666666666667,300,0.0
qwen,random,4,"[1, 5, 17, 25]",en,0.22333333333333333,300,1.0
qwen,random,4,"[1, 5, 17, 25]",hi,0.21333333333333335,300,1.0
qwen,random,4,"[1, 5, 17, 25]",mr,0.22333333333333333,300,1.0
qwen,random,6,"[6, 7, 12, 13, 22, 25]",en,0.30333333333333334,300,0.0
qwen,random,6,"[6, 7, 12, 13, 22, 25]",hi,0.23333333333333334,300,0.0
qwen,random,6,"[6, 7, 12, 13, 22, 25]",mr,0.23,300,0.0
qwen,random,6,"[2, 3, 5, 6, 13, 15]",en,0.24,300,1.0
qwen,random,6,"[2, 3, 5, 6, 13, 15]",hi,0.21666666666666667,300,1.0
qwen,random,6,"[2, 3, 5, 6, 13, 15]",mr,0.23333333333333334,300,1.0
