model,metric,calibration,pruned_layers,seed,removed_layer_ids,evaluation_language,pruned_fraction_pct,baseline_ppl,pruned_ppl,relative_ppl_degradation_pct
gemma,random,random,2,0,"[10, 20]",en,7.6923076923076925,8.916272197047281,11.826903245498562,32.6440353561118
gemma,random,random,2,0,"[10, 20]",hi,7.6923076923076925,8.879327561890381,14.71731554985394,65.74808674724315
gemma,random,random,2,0,"[10, 20]",mr,7.6923076923076925,9.15388915611164,19.228304925354777,110.05612584370111
gemma,random,random,2,0,"[10, 20]",ta,7.6923076923076925,6.057349036244941,10.345625682855895,70.79461033121072
gemma,random,random,2,1,"[9, 15]",en,7.6923076923076925,8.916272197047281,11.459413831208384,28.522476411198966
gemma,random,random,2,1,"[9, 15]",hi,7.6923076923076925,8.879327561890381,12.170558057022026,37.066213316168636
gemma,random,random,2,1,"[9, 15]",mr,7.6923076923076925,9.15388915611164,13.295867226328424,45.24828736266017
gemma,random,random,2,1,"[9, 15]",ta,7.6923076923076925,6.057349036244941,8.153609974548083,34.606903544106345
gemma,random,random,2,2,"[5, 8]",en,7.6923076923076925,8.916272197047281,15.646236687671875,75.479576463057
gemma,random,random,2,2,"[5, 8]",hi,7.6923076923076925,8.879327561890381,15.538837152776567,75.00015676264113
gemma,random,random,2,2,"[5, 8]",mr,7.6923076923076925,9.15388915611164,16.55084693466401,80.8067221746262
gemma,random,random,2,2,"[5, 8]",ta,7.6923076923076925,6.057349036244941,10.573301804145023,74.55328627883729
gemma,random,random,2,3,"[7, 21]",en,7.6923076923076925,8.916272197047281,18.23238989417469,104.48444698909644
gemma,random,random,2,3,"[7, 21]",hi,7.6923076923076925,8.879327561890381,20.167990828285454,127.13421357317007
gemma,random,random,2,3,"[7, 21]",mr,7.6923076923076925,9.15388915611164,22.016723744623953,140.51770093725
gemma,random,random,2,3,"[7, 21]",ta,7.6923076923076925,6.057349036244941,12.450889224858006,105.55013670760064
gemma,random,random,2,4,"[10, 19]",en,7.6923076923076925,8.916272197047281,11.629549912996316,30.430629034043687
gemma,random,random,2,4,"[10, 19]",hi,7.6923076923076925,8.879327561890381,14.658000003250663,65.08006829438355
gemma,random,random,2,4,"[10, 19]",mr,7.6923076923076925,9.15388915611164,17.957571732378526,96.17423180604129
gemma,random,random,2,4,"[10, 19]",ta,7.6923076923076925,6.057349036244941,9.680580970765497,59.81547229391065
gemma,random,random,2,5,"[2, 23]",en,7.6923076923076925,8.916272197047281,21.803031893631147,144.53080179462728
gemma,random,random,2,5,"[2, 23]",hi,7.6923076923076925,8.879327561890381,130.90135550574306,1374.22599958543
gemma,random,random,2,5,"[2, 23]",mr,7.6923076923076925,9.15388915611164,170.20064611176122,1759.326054850969
gemma,random,random,2,5,"[2, 23]",ta,7.6923076923076925,6.057349036244941,57.58119248887163,850.6005373691862
gemma,random,random,2,6,"[9, 19]",en,7.6923076923076925,8.916272197047281,11.655138553456476,30.717617137307673
gemma,random,random,2,6,"[9, 19]",hi,7.6923076923076925,8.879327561890381,14.669252322665267,65.20679319935157
gemma,random,random,2,6,"[9, 19]",mr,7.6923076923076925,9.15388915611164,17.789489659083284,94.33804971525181
gemma,random,random,2,6,"[9, 19]",ta,7.6923076923076925,6.057349036244941,9.576385104688436,58.09531607617263
gemma,random,random,2,7,"[5, 6]",en,7.6923076923076925,8.916272197047281,16.45124907092727,84.50815214429272
gemma,random,random,2,7,"[5, 6]",hi,7.6923076923076925,8.879327561890381,17.62181143168329,98.45885072778712
gemma,random,random,2,7,"[5, 6]",mr,7.6923076923076925,9.15388915611164,19.818426455111645,116.50280134624279
gemma,random,random,2,7,"[5, 6]",ta,7.6923076923076925,6.057349036244941,11.275925734598582,86.15281482258337
gemma,random,random,2,8,"[9, 15]",en,7.6923076923076925,8.916272197047281,11.459413831208384,28.522476411198966
gemma,random,random,2,8,"[9, 15]",hi,7.6923076923076925,8.879327561890381,12.170558057022026,37.066213316168636
gemma,random,random,2,8,"[9, 15]",mr,7.6923076923076925,9.15388915611164,13.295867226328424,45.24828736266017
gemma,random,random,2,8,"[9, 15]",ta,7.6923076923076925,6.057349036244941,8.153609974548083,34.606903544106345
gemma,random,random,2,9,"[6, 11]",en,7.6923076923076925,8.916272197047281,11.78864871687298,32.214993624543204
gemma,random,random,2,9,"[6, 11]",hi,7.6923076923076925,8.879327561890381,13.070218065406484,47.198286968296905
gemma,random,random,2,9,"[6, 11]",mr,7.6923076923076925,9.15388915611164,14.410881524192007,57.42905860478449
gemma,random,random,2,9,"[6, 11]",ta,7.6923076923076925,6.057349036244941,8.72319205763127,44.01006125674628
gemma,random,random,4,0,"[6, 18, 20, 24]",en,15.384615384615385,8.916272197047281,29.282348187759435,228.414695521034
gemma,random,random,4,0,"[6, 18, 20, 24]",hi,15.384615384615385,8.879327561890381,341.20589592243385,3742.69972634946
gemma,random,random,4,0,"[6, 18, 20, 24]",mr,15.384615384615385,9.15388915611164,791.5847688081211,8547.524077562328
gemma,random,random,4,0,"[6, 18, 20, 24]",ta,15.384615384615385,6.057349036244941,162.055479690589,2575.3531738209044
gemma,random,random,4,1,"[1, 5, 17, 25]",en,15.384615384615385,8.916272197047281,33.66674270055019,277.58765049478063
gemma,random,random,4,1,"[1, 5, 17, 25]",hi,15.384615384615385,8.879327561890381,468.49537965473945,5176.248413962084
gemma,random,random,4,1,"[1, 5, 17, 25]",mr,15.384615384615385,9.15388915611164,1072.0427217530423,11611.336061320859
gemma,random,random,4,1,"[1, 5, 17, 25]",ta,15.384615384615385,6.057349036244941,53076.551890629715,876134.0022514672
gemma,random,random,4,2,"[2, 3, 8, 18]",en,15.384615384615385,8.916272197047281,43.73602139223604,390.5191365369004
gemma,random,random,4,2,"[2, 3, 8, 18]",hi,15.384615384615385,8.879327561890381,112.03525949688726,1161.7538739953334
gemma,random,random,4,2,"[2, 3, 8, 18]",mr,15.384615384615385,9.15388915611164,129.21073682127044,1311.53923340881
gemma,random,random,4,2,"[2, 3, 8, 18]",ta,15.384615384615385,6.057349036244941,65.50545486227728,981.4211707186892
gemma,random,random,4,3,"[4, 16, 19, 22]",en,15.384615384615385,8.916272197047281,45.25506164546832,407.5558556910703
gemma,random,random,4,3,"[4, 16, 19, 22]",hi,15.384615384615385,8.879327561890381,89.98890825784785,913.4653511835247
gemma,random,random,4,3,"[4, 16, 19, 22]",mr,15.384615384615385,9.15388915611164,151.52721270820206,1555.331522198236
gemma,random,random,4,3,"[4, 16, 19, 22]",ta,15.384615384615385,6.057349036244941,47.94839608123452,691.5739343123371
gemma,random,random,4,4,"[3, 5, 8, 14]",en,15.384615384615385,8.916272197047281,34.666326688340696,288.7984341687193
gemma,random,random,4,4,"[3, 5, 8, 14]",hi,15.384615384615385,8.879327561890381,57.00430216969922,541.9889543703597
gemma,random,random,4,4,"[3, 5, 8, 14]",mr,15.384615384615385,9.15388915611164,61.350916931786294,570.2169524395545
gemma,random,random,4,4,"[3, 5, 8, 14]",ta,15.384615384615385,6.057349036244941,33.254039574877176,448.9866833807542
gemma,random,random,4,5,"[9, 11, 12, 24]",en,15.384615384615385,8.916272197047281,13.834774629678503,55.16321534306721
gemma,random,random,4,5,"[9, 11, 12, 24]",hi,15.384615384615385,8.879327561890381,32.454983618734715,265.51172814065154
gemma,random,random,4,5,"[9, 11, 12, 24]",mr,15.384615384615385,9.15388915611164,37.754705428932624,312.44442427758156
gemma,random,random,4,5,"[9, 11, 12, 24]",ta,15.384615384615385,6.057349036244941,14.59079979886525,140.87764650112265
gemma,random,random,4,6,"[5, 9, 12, 14]",en,15.384615384615385,8.916272197047281,20.041132582821955,124.77030915968214
gemma,random,random,4,6,"[5, 9, 12, 14]",hi,15.384615384615385,8.879327561890381,22.76399630184663,156.37072338167286
gemma,random,random,4,6,"[5, 9, 12, 14]",mr,15.384615384615385,9.15388915611164,26.40879257279098,188.49805937576835
gemma,random,random,4,6,"[5, 9, 12, 14]",ta,15.384615384615385,6.057349036244941,15.283432234107595,152.3122267291711
gemma,random,random,4,7,"[3, 8, 21, 25]",en,15.384615384615385,8.916272197047281,34.38789406718763,285.6756871843319
gemma,random,random,4,7,"[3, 8, 21, 25]",hi,15.384615384615385,8.879327561890381,491.7320785685656,5437.942768088144
gemma,random,random,4,7,"[3, 8, 21, 25]",mr,15.384615384615385,9.15388915611164,1353.4895349254168,14685.95066908531
gemma,random,random,4,7,"[3, 8, 21, 25]",ta,15.384615384615385,6.057349036244941,78032.5906229256,1288130.051727371
gemma,random,random,4,8,"[2, 6, 15, 23]",en,15.384615384615385,8.916272197047281,55.16774524947131,518.7310574450688
gemma,random,random,4,8,"[2, 6, 15, 23]",hi,15.384615384615385,8.879327561890381,330.2052156731888,3618.808810369973
gemma,random,random,4,8,"[2, 6, 15, 23]",mr,15.384615384615385,9.15388915611164,484.28177489317613,5190.448318022761
gemma,random,random,4,8,"[2, 6, 15, 23]",ta,15.384615384615385,6.057349036244941,242.96498072881914,3911.0777713981215
gemma,random,random,4,9,"[2, 6, 10, 12]",en,15.384615384615385,8.916272197047281,49.19538176236072,451.7483167309797
gemma,random,random,4,9,"[2, 6, 10, 12]",hi,15.384615384615385,8.879327561890381,191.6046665691951,2057.873614118624
gemma,random,random,4,9,"[2, 6, 10, 12]",mr,15.384615384615385,9.15388915611164,170.04126379254194,1757.5849116439545
gemma,random,random,4,9,"[2, 6, 10, 12]",ta,15.384615384615385,6.057349036244941,80.64113352440361,1231.2941526380077
gemma,random,random,6,0,"[6, 7, 11, 12, 13, 23]",en,23.076923076923077,8.916272197047281,21.762523017556656,144.07647654323014
gemma,random,random,6,0,"[6, 7, 11, 12, 13, 23]",hi,23.076923076923077,8.879327561890381,23.43258285112601,163.90042137534664
gemma,random,random,6,0,"[6, 7, 11, 12, 13, 23]",mr,23.076923076923077,9.15388915611164,30.79233698520741,236.38529438221073
gemma,random,random,6,0,"[6, 7, 11, 12, 13, 23]",ta,23.076923076923077,6.057349036244941,17.323950839004382,185.9988872251583
gemma,random,random,6,1,"[2, 3, 5, 6, 13, 15]",en,23.076923076923077,8.916272197047281,233.38688839071418,2517.538846200801
gemma,random,random,6,1,"[2, 3, 5, 6, 13, 15]",hi,23.076923076923077,8.879327561890381,1488.6520543726795,16665.369269198916
gemma,random,random,6,1,"[2, 3, 5, 6, 13, 15]",mr,23.076923076923077,9.15388915611164,2162.1493082687502,23520.00753335734
gemma,random,random,6,1,"[2, 3, 5, 6, 13, 15]",ta,23.076923076923077,6.057349036244941,699.217536951686,11443.292829385042
gemma,random,random,6,2,"[3, 9, 10, 19, 22, 23]",en,23.076923076923077,8.916272197047281,35.26690354396617,295.5341735265236
gemma,random,random,6,2,"[3, 9, 10, 19, 22, 23]",hi,23.076923076923077,8.879327561890381,388.4246942156065,4274.483219683271
gemma,random,random,6,2,"[3, 9, 10, 19, 22, 23]",mr,23.076923076923077,9.15388915611164,584.605970184844,6286.42177346586
gemma,random,random,6,2,"[3, 9, 10, 19, 22, 23]",ta,23.076923076923077,6.057349036244941,101.939395380036,1582.9044317913379
gemma,random,random,6,3,"[0, 10, 15, 19, 21, 23]",en,23.076923076923077,8.916272197047281,829.9854370920162,9208.659703848822
gemma,random,random,6,3,"[0, 10, 15, 19, 21, 23]",hi,23.076923076923077,8.879327561890381,830418.6176005562,9352169.209716627
gemma,random,random,6,3,"[0, 10, 15, 19, 21, 23]",mr,23.076923076923077,9.15388915611164,915600.9600116276,10002216.440551631
gemma,random,random,6,3,"[0, 10, 15, 19, 21, 23]",ta,23.076923076923077,6.057349036244941,1713691.241915633,28291009.388967637
gemma,random,random,6,4,"[2, 4, 11, 12, 24, 25]",en,23.076923076923077,8.916272197047281,7488.947479496856,83891.91179893434
gemma,random,random,6,4,"[2, 4, 11, 12, 24, 25]",hi,23.076923076923077,8.879327561890381,22291752.29782488,251052157.53242773
gemma,random,random,6,4,"[2, 4, 11, 12, 24, 25]",mr,23.076923076923077,9.15388915611164,35893568.85837503,392112675.74199706
gemma,random,random,6,4,"[2, 4, 11, 12, 24, 25]",ta,23.076923076923077,6.057349036244941,167494316.1536523,2765142128.909514
gemma,random,random,6,5,"[1, 2, 5, 18, 24, 25]",en,23.076923076923077,8.916272197047281,2663.9257114821785,29777.124123289617
gemma,random,random,6,5,"[1, 2, 5, 18, 24, 25]",hi,23.076923076923077,8.879327561890381,8565092.424002193,96460948.02759086
gemma,random,random,6,5,"[1, 2, 5, 18, 24, 25]",mr,23.076923076923077,9.15388915611164,23241828.961583782,253901040.43566126
gemma,random,random,6,5,"[1, 2, 5, 18, 24, 25]",ta,23.076923076923077,6.057349036244941,152991962.6114955,2525724630.3407493
gemma,random,random,6,6,"[2, 4, 7, 8, 19, 21]",en,23.076923076923077,8.916272197047281,402.04846071884697,4409.154182753524
gemma,random,random,6,6,"[2, 4, 7, 8, 19, 21]",hi,23.076923076923077,8.879327561890381,9565.275686313922,107625.22603364241
gemma,random,random,6,6,"[2, 4, 7, 8, 19, 21]",mr,23.076923076923077,9.15388915611164,9324.944442014503,101768.66241207057
gemma,random,random,6,6,"[2, 4, 7, 8, 19, 21]",ta,23.076923076923077,6.057349036244941,1810.8101393559602,29794.432837215434
gemma,random,random,6,7,"[1, 5, 10, 14, 19, 20]",en,23.076923076923077,8.916272197047281,54.0808173636473,506.5406726990316
gemma,random,random,6,7,"[1, 5, 10, 14, 19, 20]",hi,23.076923076923077,8.879327561890381,194.78212187126078,2093.6584782304426
gemma,random,random,6,7,"[1, 5, 10, 14, 19, 20]",mr,23.076923076923077,9.15388915611164,239.05414638062064,2511.5036167006124
gemma,random,random,6,7,"[1, 5, 10, 14, 19, 20]",ta,23.076923076923077,6.057349036244941,119.47433463487056,1872.3864997704482
gemma,random,random,6,8,"[0, 1, 8, 11, 12, 22]",en,23.076923076923077,8.916272197047281,225.1548684272732,2425.213042529541
gemma,random,random,6,8,"[0, 1, 8, 11, 12, 22]",hi,23.076923076923077,8.879327561890381,8969.249026229882,100912.70579008077
gemma,random,random,6,8,"[0, 1, 8, 11, 12, 22]",mr,23.076923076923077,9.15388915611164,9353.298222066012,102078.40813400318
gemma,random,random,6,8,"[0, 1, 8, 11, 12, 22]",ta,23.076923076923077,6.057349036244941,49194.37561989931,812043.6510516122
gemma,random,random,6,9,"[4, 5, 14, 17, 23, 25]",en,23.076923076923077,8.916272197047281,114.53990618064387,1184.6165263839184
gemma,random,random,6,9,"[4, 5, 14, 17, 23, 25]",hi,23.076923076923077,8.879327561890381,2669.165365379518,29960.44485660647
gemma,random,random,6,9,"[4, 5, 14, 17, 23, 25]",mr,23.076923076923077,9.15388915611164,10155.524962032629,110842.18849320717
gemma,random,random,6,9,"[4, 5, 14, 17, 23, 25]",ta,23.076923076923077,6.057349036244941,28773.973925702183,474925.85295199836
