metric,k,eval_language,contrast,same_layer_set,delta_logppl,ci_low,ci_high,ppl_ratio,significant
bi,2,en,mixed vs en,False,-0.054505290985107424,-0.20691943728923795,0.06249845880269998,0.946953498527712,False
bi,2,en,en vs mixed,False,0.054505290985107424,-0.06573485440015793,0.2019839508533476,1.0560180637747922,False
bi,2,hi,en vs hi,False,0.40896700620651244,0.3273984965085983,0.5058197810053825,1.5052620553608447,True
bi,2,hi,mixed vs hi,True,0.0,0.0,0.0,1.0,False
bi,2,hi,en vs mixed,False,0.40896700620651244,0.32821296018362045,0.4988840435743332,1.5052620553608447,True
bi,2,mr,en vs mr,False,0.9158021640777588,0.7127222520112991,1.183738912642002,2.498778878833538,True
bi,2,mr,mixed vs mr,False,-0.31224071502685546,-0.35303763604164123,-0.272810469686985,0.7318053504802539,True
bi,2,mr,en vs mixed,False,1.2280428791046143,1.031157702088356,1.4950920811891553,3.4145403244096153,True
bi,4,en,mixed vs en,True,0.0,0.0,0.0,1.0,False
bi,4,en,en vs mixed,True,0.0,0.0,0.0,1.0,False
bi,4,hi,en vs hi,True,0.0,0.0,0.0,1.0,False
bi,4,hi,mixed vs hi,True,0.0,0.0,0.0,1.0,False
bi,4,hi,en vs mixed,True,0.0,0.0,0.0,1.0,False
bi,4,mr,en vs mr,True,0.0,0.0,0.0,1.0,False
bi,4,mr,mixed vs mr,True,0.0,0.0,0.0,1.0,False
bi,4,mr,en vs mixed,True,0.0,0.0,0.0,1.0,False
bi,6,en,mixed vs en,True,0.0,0.0,0.0,1.0,False
bi,6,en,en vs mixed,True,0.0,0.0,0.0,1.0,False
bi,6,hi,en vs hi,True,0.0,0.0,0.0,1.0,False
bi,6,hi,mixed vs hi,True,0.0,0.0,0.0,1.0,False
bi,6,hi,en vs mixed,True,0.0,0.0,0.0,1.0,False
bi,6,mr,en vs mr,True,0.0,0.0,0.0,1.0,False
bi,6,mr,mixed vs mr,True,0.0,0.0,0.0,1.0,False
bi,6,mr,en vs mixed,True,0.0,0.0,0.0,1.0,False
rl2,2,en,mixed vs en,False,-0.054505290985107424,-0.20268634790182113,0.06635557657480225,0.946953498527712,False
rl2,2,en,en vs mixed,False,0.054505290985107424,-0.07021153581142427,0.19706648391485201,1.0560180637747922,False
rl2,2,hi,en vs hi,False,0.40896700620651244,0.331719031214714,0.4935798200964927,1.5052620553608447,True
rl2,2,hi,mixed vs hi,True,0.0,0.0,0.0,1.0,False
rl2,2,hi,en vs mixed,False,0.40896700620651244,0.329028529047966,0.49481314378976815,1.5052620553608447,True
rl2,2,mr,en vs mr,False,2.8526616322994234,2.6505012046396734,3.1137801955938333,17.33385684926484,True
rl2,2,mr,mixed vs mr,False,1.6246187531948089,1.5848798522055147,1.66335038626194,5.0764832751717215,True
rl2,2,mr,en vs mixed,False,1.2280428791046143,1.0338803102970124,1.5046874663829801,3.4145403244096153,True
rl2,4,en,mixed vs en,True,0.0,0.0,0.0,1.0,False
rl2,4,en,en vs mixed,True,0.0,0.0,0.0,1.0,False
rl2,4,hi,en vs hi,False,4.2760786747932436,4.181463639140129,4.3566240108013154,71.95771643679099,True
rl2,4,hi,mixed vs hi,False,4.2760786747932436,4.18173707485199,4.35424663567543,71.95771643679099,True
rl2,4,hi,en vs mixed,True,0.0,0.0,0.0,1.0,False
rl2,4,mr,en vs mr,False,4.234132056236267,4.169927921891212,4.299455117464065,69.00176308561629,True
rl2,4,mr,mixed vs mr,False,4.234132056236267,4.171542773246765,4.30224169588089,69.00176308561629,True
rl2,4,mr,en vs mixed,True,0.0,0.0,0.0,1.0,False
rl2,6,en,mixed vs en,False,-0.26408432006835936,-0.31254555928707123,-0.21247751867771156,0.7679087868053649,True
rl2,6,en,en vs mixed,False,0.26408432006835936,0.21432547104358673,0.3128603500127792,1.3022379964685327,True
rl2,6,hi,en vs hi,False,0.2236369800567627,0.16618521189689636,0.27849238944053645,1.250616938123175,True
rl2,6,hi,mixed vs hi,True,0.0,0.0,0.0,1.0,False
rl2,6,hi,en vs mixed,False,0.2236369800567627,0.16344173097610473,0.27774119973182676,1.250616938123175,True
rl2,6,mr,en vs mr,False,1.163883409500122,0.9857339261770248,1.3375050290822983,3.20234517795565,True
rl2,6,mr,mixed vs mr,False,0.9001098728179932,0.7211003015041352,1.0680608066320418,2.45987336952867,True
rl2,6,mr,en vs mixed,False,0.2637735366821289,0.20667797660827636,0.3180147790908813,1.3018333454169813,True
