model,metric,calibration,pruned_layers,removed_layer_ids,evaluation_language,baseline_ppl,pruned_ppl,relative_ppl_degradation_pct
llama,bi,en,2,"[12, 13]",en,11.196478313004661,46.570028414894615,315.93461008899317
llama,bi,en,2,"[12, 13]",hi,5.834863397811368,63.1280019470976,981.9105374562263
llama,bi,en,2,"[12, 13]",mr,7.730941683659576,248.16753408179957,3110.055698729901
llama,bi,en,4,"[11, 12, 13, 14]",en,11.196478313004661,386.3189937630181,3350.36164911167
llama,bi,en,4,"[11, 12, 13, 14]",hi,5.834863397811368,5913.316525470417,101244.55808662935
llama,bi,en,4,"[11, 12, 13, 14]",mr,7.730941683659576,10226.684870439438,132182.52506489557
llama,bi,en,6,"[7, 10, 11, 12, 13, 14]",en,11.196478313004661,1318.1749542635498,11673.121131601669
llama,bi,en,6,"[7, 10, 11, 12, 13, 14]",hi,5.834863397811368,16435.016104998955,281569.25229412667
llama,bi,en,6,"[7, 10, 11, 12, 13, 14]",mr,7.730941683659576,25667.512279369414,331910.1655096078
llama,bi,hi,2,"[12, 14]",en,11.196478313004661,44.09965133401942,293.87073418253186
llama,bi,hi,2,"[12, 14]",hi,5.834863397811368,41.93821382946135,618.752282104705
llama,bi,hi,2,"[12, 14]",mr,7.730941683659576,72.67963195740221,840.1135713003857
llama,bi,hi,4,"[11, 12, 13, 14]",en,11.196478313004661,386.3189937630181,3350.36164911167
llama,bi,hi,4,"[11, 12, 13, 14]",hi,5.834863397811368,5913.316525470417,101244.55808662935
llama,bi,hi,4,"[11, 12, 13, 14]",mr,7.730941683659576,10226.684870439438,132182.52506489557
llama,bi,hi,6,"[7, 10, 11, 12, 13, 14]",en,11.196478313004661,1318.1749542635498,11673.121131601669
llama,bi,hi,6,"[7, 10, 11, 12, 13, 14]",hi,5.834863397811368,16435.016104998955,281569.25229412667
llama,bi,hi,6,"[7, 10, 11, 12, 13, 14]",mr,7.730941683659576,25667.512279369414,331910.1655096078
llama,bi,mr,2,"[11, 12]",en,11.196478313004661,34.34817380510811,206.7765849661215
llama,bi,mr,2,"[11, 12]",hi,5.834863397811368,67.11948776910455,1050.3180656171107
llama,bi,mr,2,"[11, 12]",mr,7.730941683659576,99.3155241481981,1184.6497646996265
llama,bi,mr,4,"[11, 12, 13, 14]",en,11.196478313004661,386.3189937630181,3350.36164911167
llama,bi,mr,4,"[11, 12, 13, 14]",hi,5.834863397811368,5913.316525470417,101244.55808662935
llama,bi,mr,4,"[11, 12, 13, 14]",mr,7.730941683659576,10226.684870439438,132182.52506489557
llama,bi,mr,6,"[7, 10, 11, 12, 13, 14]",en,11.196478313004661,1318.1749542635498,11673.121131601669
llama,bi,mr,6,"[7, 10, 11, 12, 13, 14]",hi,5.834863397811368,16435.016104998955,281569.25229412667
llama,bi,mr,6,"[7, 10, 11, 12, 13, 14]",mr,7.730941683659576,25667.512279369414,331910.1655096078
llama,bi,mixed,2,"[12, 14]",en,11.196478313004661,44.09965133401942,293.87073418253186
llama,bi,mixed,2,"[12, 14]",hi,5.834863397811368,41.93821382946135,618.752282104705
llama,bi,mixed,2,"[12, 14]",mr,7.730941683659576,72.67963195740221,840.1135713003857
llama,bi,mixed,4,"[11, 12, 13, 14]",en,11.196478313004661,386.3189937630181,3350.36164911167
llama,bi,mixed,4,"[11, 12, 13, 14]",hi,5.834863397811368,5913.316525470417,101244.55808662935
llama,bi,mixed,4,"[11, 12, 13, 14]",mr,7.730941683659576,10226.684870439438,132182.52506489557
llama,bi,mixed,6,"[7, 10, 11, 12, 13, 14]",en,11.196478313004661,1318.1749542635498,11673.121131601669
llama,bi,mixed,6,"[7, 10, 11, 12, 13, 14]",hi,5.834863397811368,16435.016104998955,281569.25229412667
llama,bi,mixed,6,"[7, 10, 11, 12, 13, 14]",mr,7.730941683659576,25667.512279369414,331910.1655096078
llama,rl2,en,2,"[12, 13]",en,11.196478313004661,46.570028414894615,315.93461008899317
llama,rl2,en,2,"[12, 13]",hi,5.834863397811368,63.1280019470976,981.9105374562263
llama,rl2,en,2,"[12, 13]",mr,7.730941683659576,248.16753408179957,3110.055698729901
llama,rl2,en,4,"[11, 12, 13, 14]",en,11.196478313004661,386.3189937630181,3350.36164911167
llama,rl2,en,4,"[11, 12, 13, 14]",hi,5.834863397811368,5913.316525470417,101244.55808662935
llama,rl2,en,4,"[11, 12, 13, 14]",mr,7.730941683659576,10226.684870439438,132182.52506489557
llama,rl2,en,6,"[7, 10, 11, 12, 13, 14]",en,11.196478313004661,1318.1749542635498,11673.121131601669
llama,rl2,en,6,"[7, 10, 11, 12, 13, 14]",hi,5.834863397811368,16435.016104998955,281569.25229412667
llama,rl2,en,6,"[7, 10, 11, 12, 13, 14]",mr,7.730941683659576,25667.512279369414,331910.1655096078
llama,rl2,hi,2,"[12, 14]",en,11.196478313004661,44.09965133401942,293.87073418253186
llama,rl2,hi,2,"[12, 14]",hi,5.834863397811368,41.93821382946135,618.752282104705
llama,rl2,hi,2,"[12, 14]",mr,7.730941683659576,72.67963195740221,840.1135713003857
llama,rl2,hi,4,"[6, 7, 12, 14]",en,11.196478313004661,111.02813921990489,891.6344775209021
llama,rl2,hi,4,"[6, 7, 12, 14]",hi,5.834863397811368,82.17765680022352,1308.3904146076154
llama,rl2,hi,4,"[6, 7, 12, 14]",mr,7.730941683659576,148.20903717706938,1817.089059025369
llama,rl2,hi,6,"[6, 7, 11, 12, 13, 14]",en,11.196478313004661,1012.2381299257405,8940.683165080847
llama,rl2,hi,6,"[6, 7, 11, 12, 13, 14]",hi,5.834863397811368,13141.526876857522,225124.2422982319
llama,rl2,hi,6,"[6, 7, 11, 12, 13, 14]",mr,7.730941683659576,19716.434803064625,254932.77103665215
llama,rl2,mr,2,"[6, 7]",en,11.196478313004661,20.81910995218759,85.94337764229206
llama,rl2,mr,2,"[6, 7]",hi,5.834863397811368,10.098278194179564,73.067945309009
llama,rl2,mr,2,"[6, 7]",mr,7.730941683659576,14.316925323652065,85.18992781840387
llama,rl2,mr,4,"[6, 7, 12, 14]",en,11.196478313004661,111.02813921990489,891.6344775209021
llama,rl2,mr,4,"[6, 7, 12, 14]",hi,5.834863397811368,82.17765680022352,1308.3904146076154
llama,rl2,mr,4,"[6, 7, 12, 14]",mr,7.730941683659576,148.20903717706938,1817.089059025369
llama,rl2,mr,6,"[6, 7, 10, 11, 12, 14]",en,11.196478313004661,526.3157523974039,4600.72586829459
llama,rl2,mr,6,"[6, 7, 10, 11, 12, 14]",hi,5.834863397811368,139302.2872043244,2387312.9985044054
llama,rl2,mr,6,"[6, 7, 10, 11, 12, 14]",mr,7.730941683659576,8015.223485606667,103577.19501167575
llama,rl2,mixed,2,"[12, 14]",en,11.196478313004661,44.09965133401942,293.87073418253186
llama,rl2,mixed,2,"[12, 14]",hi,5.834863397811368,41.93821382946135,618.752282104705
llama,rl2,mixed,2,"[12, 14]",mr,7.730941683659576,72.67963195740221,840.1135713003857
llama,rl2,mixed,4,"[11, 12, 13, 14]",en,11.196478313004661,386.3189937630181,3350.36164911167
llama,rl2,mixed,4,"[11, 12, 13, 14]",hi,5.834863397811368,5913.316525470417,101244.55808662935
llama,rl2,mixed,4,"[11, 12, 13, 14]",mr,7.730941683659576,10226.684870439438,132182.52506489557
llama,rl2,mixed,6,"[6, 7, 11, 12, 13, 14]",en,11.196478313004661,1012.2381299257405,8940.683165080847
llama,rl2,mixed,6,"[6, 7, 11, 12, 13, 14]",hi,5.834863397811368,13141.526876857522,225124.2422982319
llama,rl2,mixed,6,"[6, 7, 11, 12, 13, 14]",mr,7.730941683659576,19716.434803064625,254932.77103665215
llama,none,deep_block,2,"[13, 14]",en,11.196478313004661,72.08229906955975,543.7943883286629
llama,none,deep_block,2,"[13, 14]",hi,5.834863397811368,253.6031781987882,4246.343023110252
llama,none,deep_block,2,"[13, 14]",mr,7.730941683659576,739.5551527826915,9466.171665035898
llama,none,deep_block,4,"[11, 12, 13, 14]",en,11.196478313004661,386.3189937630181,3350.36164911167
llama,none,deep_block,4,"[11, 12, 13, 14]",hi,5.834863397811368,5913.316525470417,101244.55808662935
llama,none,deep_block,4,"[11, 12, 13, 14]",mr,7.730941683659576,10226.684870439438,132182.52506489557
llama,none,deep_block,6,"[9, 10, 11, 12, 13, 14]",en,11.196478313004661,2110.2089513296437,18747.077557223016
llama,none,deep_block,6,"[9, 10, 11, 12, 13, 14]",hi,5.834863397811368,24968.40171616801,427817.50232805015
llama,none,deep_block,6,"[9, 10, 11, 12, 13, 14]",mr,7.730941683659576,29890.258818574945,386531.5391015325
