model,metric,calibration,pruned_layers,seed,budget,removed_layer_ids,evaluation_language,baseline_ppl,pruned_ppl,relative_ppl_degradation_pct
llama,bi,en,2,0,60,"[12, 13]",en,11.196478313004661,46.570028414894615,315.93461008899317
llama,bi,en,2,0,60,"[12, 13]",hi,5.834863397811368,63.1280019470976,981.9105374562263
llama,bi,en,2,0,60,"[12, 13]",mr,7.730941683659576,248.16753408179957,3110.055698729901
llama,bi,en,4,0,60,"[11, 12, 13, 14]",en,11.196478313004661,386.3189937630181,3350.36164911167
llama,bi,en,4,0,60,"[11, 12, 13, 14]",hi,5.834863397811368,5913.316525470417,101244.55808662935
llama,bi,en,4,0,60,"[11, 12, 13, 14]",mr,7.730941683659576,10226.684870439438,132182.52506489557
llama,bi,en,6,0,60,"[7, 10, 11, 12, 13, 14]",en,11.196478313004661,1318.1749542635498,11673.121131601669
llama,bi,en,6,0,60,"[7, 10, 11, 12, 13, 14]",hi,5.834863397811368,16435.016104998955,281569.25229412667
llama,bi,en,6,0,60,"[7, 10, 11, 12, 13, 14]",mr,7.730941683659576,25667.512279369414,331910.1655096078
llama,bi,en,2,1,60,"[12, 13]",en,11.196478313004661,46.570028414894615,315.93461008899317
llama,bi,en,2,1,60,"[12, 13]",hi,5.834863397811368,63.1280019470976,981.9105374562263
llama,bi,en,2,1,60,"[12, 13]",mr,7.730941683659576,248.16753408179957,3110.055698729901
llama,bi,en,4,1,60,"[11, 12, 13, 14]",en,11.196478313004661,386.3189937630181,3350.36164911167
llama,bi,en,4,1,60,"[11, 12, 13, 14]",hi,5.834863397811368,5913.316525470417,101244.55808662935
llama,bi,en,4,1,60,"[11, 12, 13, 14]",mr,7.730941683659576,10226.684870439438,132182.52506489557
llama,bi,en,6,1,60,"[7, 10, 11, 12, 13, 14]",en,11.196478313004661,1318.1749542635498,11673.121131601669
llama,bi,en,6,1,60,"[7, 10, 11, 12, 13, 14]",hi,5.834863397811368,16435.016104998955,281569.25229412667
llama,bi,en,6,1,60,"[7, 10, 11, 12, 13, 14]",mr,7.730941683659576,25667.512279369414,331910.1655096078
llama,bi,en,2,2,60,"[12, 13]",en,11.196478313004661,46.570028414894615,315.93461008899317
llama,bi,en,2,2,60,"[12, 13]",hi,5.834863397811368,63.1280019470976,981.9105374562263
llama,bi,en,2,2,60,"[12, 13]",mr,7.730941683659576,248.16753408179957,3110.055698729901
llama,bi,en,4,2,60,"[11, 12, 13, 14]",en,11.196478313004661,386.3189937630181,3350.36164911167
llama,bi,en,4,2,60,"[11, 12, 13, 14]",hi,5.834863397811368,5913.316525470417,101244.55808662935
llama,bi,en,4,2,60,"[11, 12, 13, 14]",mr,7.730941683659576,10226.684870439438,132182.52506489557
llama,bi,en,6,2,60,"[7, 10, 11, 12, 13, 14]",en,11.196478313004661,1318.1749542635498,11673.121131601669
llama,bi,en,6,2,60,"[7, 10, 11, 12, 13, 14]",hi,5.834863397811368,16435.016104998955,281569.25229412667
llama,bi,en,6,2,60,"[7, 10, 11, 12, 13, 14]",mr,7.730941683659576,25667.512279369414,331910.1655096078
llama,bi,en,2,3,60,"[12, 13]",en,11.196478313004661,46.570028414894615,315.93461008899317
llama,bi,en,2,3,60,"[12, 13]",hi,5.834863397811368,63.1280019470976,981.9105374562263
llama,bi,en,2,3,60,"[12, 13]",mr,7.730941683659576,248.16753408179957,3110.055698729901
llama,bi,en,4,3,60,"[11, 12, 13, 14]",en,11.196478313004661,386.3189937630181,3350.36164911167
llama,bi,en,4,3,60,"[11, 12, 13, 14]",hi,5.834863397811368,5913.316525470417,101244.55808662935
llama,bi,en,4,3,60,"[11, 12, 13, 14]",mr,7.730941683659576,10226.684870439438,132182.52506489557
llama,bi,en,6,3,60,"[7, 10, 11, 12, 13, 14]",en,11.196478313004661,1318.1749542635498,11673.121131601669
llama,bi,en,6,3,60,"[7, 10, 11, 12, 13, 14]",hi,5.834863397811368,16435.016104998955,281569.25229412667
llama,bi,en,6,3,60,"[7, 10, 11, 12, 13, 14]",mr,7.730941683659576,25667.512279369414,331910.1655096078
llama,bi,en,2,4,60,"[12, 13]",en,11.196478313004661,46.570028414894615,315.93461008899317
llama,bi,en,2,4,60,"[12, 13]",hi,5.834863397811368,63.1280019470976,981.9105374562263
llama,bi,en,2,4,60,"[12, 13]",mr,7.730941683659576,248.16753408179957,3110.055698729901
llama,bi,en,4,4,60,"[11, 12, 13, 14]",en,11.196478313004661,386.3189937630181,3350.36164911167
llama,bi,en,4,4,60,"[11, 12, 13, 14]",hi,5.834863397811368,5913.316525470417,101244.55808662935
llama,bi,en,4,4,60,"[11, 12, 13, 14]",mr,7.730941683659576,10226.684870439438,132182.52506489557
llama,bi,en,6,4,60,"[7, 10, 11, 12, 13, 14]",en,11.196478313004661,1318.1749542635498,11673.121131601669
llama,bi,en,6,4,60,"[7, 10, 11, 12, 13, 14]",hi,5.834863397811368,16435.016104998955,281569.25229412667
llama,bi,en,6,4,60,"[7, 10, 11, 12, 13, 14]",mr,7.730941683659576,25667.512279369414,331910.1655096078
llama,bi,hi,2,0,60,"[12, 14]",en,11.196478313004661,44.09965133401942,293.87073418253186
llama,bi,hi,2,0,60,"[12, 14]",hi,5.834863397811368,41.93821382946135,618.752282104705
llama,bi,hi,2,0,60,"[12, 14]",mr,7.730941683659576,72.67963195740221,840.1135713003857
llama,bi,hi,4,0,60,"[11, 12, 13, 14]",en,11.196478313004661,386.3189937630181,3350.36164911167
llama,bi,hi,4,0,60,"[11, 12, 13, 14]",hi,5.834863397811368,5913.316525470417,101244.55808662935
llama,bi,hi,4,0,60,"[11, 12, 13, 14]",mr,7.730941683659576,10226.684870439438,132182.52506489557
llama,bi,hi,6,0,60,"[7, 10, 11, 12, 13, 14]",en,11.196478313004661,1318.1749542635498,11673.121131601669
llama,bi,hi,6,0,60,"[7, 10, 11, 12, 13, 14]",hi,5.834863397811368,16435.016104998955,281569.25229412667
llama,bi,hi,6,0,60,"[7, 10, 11, 12, 13, 14]",mr,7.730941683659576,25667.512279369414,331910.1655096078
llama,bi,hi,2,1,60,"[12, 14]",en,11.196478313004661,44.09965133401942,293.87073418253186
llama,bi,hi,2,1,60,"[12, 14]",hi,5.834863397811368,41.93821382946135,618.752282104705
llama,bi,hi,2,1,60,"[12, 14]",mr,7.730941683659576,72.67963195740221,840.1135713003857
llama,bi,hi,4,1,60,"[11, 12, 13, 14]",en,11.196478313004661,386.3189937630181,3350.36164911167
llama,bi,hi,4,1,60,"[11, 12, 13, 14]",hi,5.834863397811368,5913.316525470417,101244.55808662935
llama,bi,hi,4,1,60,"[11, 12, 13, 14]",mr,7.730941683659576,10226.684870439438,132182.52506489557
llama,bi,hi,6,1,60,"[7, 10, 11, 12, 13, 14]",en,11.196478313004661,1318.1749542635498,11673.121131601669
llama,bi,hi,6,1,60,"[7, 10, 11, 12, 13, 14]",hi,5.834863397811368,16435.016104998955,281569.25229412667
llama,bi,hi,6,1,60,"[7, 10, 11, 12, 13, 14]",mr,7.730941683659576,25667.512279369414,331910.1655096078
llama,bi,hi,2,2,60,"[12, 14]",en,11.196478313004661,44.09965133401942,293.87073418253186
llama,bi,hi,2,2,60,"[12, 14]",hi,5.834863397811368,41.93821382946135,618.752282104705
llama,bi,hi,2,2,60,"[12, 14]",mr,7.730941683659576,72.67963195740221,840.1135713003857
llama,bi,hi,4,2,60,"[11, 12, 13, 14]",en,11.196478313004661,386.3189937630181,3350.36164911167
llama,bi,hi,4,2,60,"[11, 12, 13, 14]",hi,5.834863397811368,5913.316525470417,101244.55808662935
llama,bi,hi,4,2,60,"[11, 12, 13, 14]",mr,7.730941683659576,10226.684870439438,132182.52506489557
llama,bi,hi,6,2,60,"[7, 10, 11, 12, 13, 14]",en,11.196478313004661,1318.1749542635498,11673.121131601669
llama,bi,hi,6,2,60,"[7, 10, 11, 12, 13, 14]",hi,5.834863397811368,16435.016104998955,281569.25229412667
llama,bi,hi,6,2,60,"[7, 10, 11, 12, 13, 14]",mr,7.730941683659576,25667.512279369414,331910.1655096078
llama,bi,hi,2,3,60,"[12, 14]",en,11.196478313004661,44.09965133401942,293.87073418253186
llama,bi,hi,2,3,60,"[12, 14]",hi,5.834863397811368,41.93821382946135,618.752282104705
llama,bi,hi,2,3,60,"[12, 14]",mr,7.730941683659576,72.67963195740221,840.1135713003857
llama,bi,hi,4,3,60,"[11, 12, 13, 14]",en,11.196478313004661,386.3189937630181,3350.36164911167
llama,bi,hi,4,3,60,"[11, 12, 13, 14]",hi,5.834863397811368,5913.316525470417,101244.55808662935
llama,bi,hi,4,3,60,"[11, 12, 13, 14]",mr,7.730941683659576,10226.684870439438,132182.52506489557
llama,bi,hi,6,3,60,"[7, 10, 11, 12, 13, 14]",en,11.196478313004661,1318.1749542635498,11673.121131601669
llama,bi,hi,6,3,60,"[7, 10, 11, 12, 13, 14]",hi,5.834863397811368,16435.016104998955,281569.25229412667
llama,bi,hi,6,3,60,"[7, 10, 11, 12, 13, 14]",mr,7.730941683659576,25667.512279369414,331910.1655096078
llama,bi,hi,2,4,60,"[12, 14]",en,11.196478313004661,44.09965133401942,293.87073418253186
llama,bi,hi,2,4,60,"[12, 14]",hi,5.834863397811368,41.93821382946135,618.752282104705
llama,bi,hi,2,4,60,"[12, 14]",mr,7.730941683659576,72.67963195740221,840.1135713003857
llama,bi,hi,4,4,60,"[11, 12, 13, 14]",en,11.196478313004661,386.3189937630181,3350.36164911167
llama,bi,hi,4,4,60,"[11, 12, 13, 14]",hi,5.834863397811368,5913.316525470417,101244.55808662935
llama,bi,hi,4,4,60,"[11, 12, 13, 14]",mr,7.730941683659576,10226.684870439438,132182.52506489557
llama,bi,hi,6,4,60,"[7, 10, 11, 12, 13, 14]",en,11.196478313004661,1318.1749542635498,11673.121131601669
llama,bi,hi,6,4,60,"[7, 10, 11, 12, 13, 14]",hi,5.834863397811368,16435.016104998955,281569.25229412667
llama,bi,hi,6,4,60,"[7, 10, 11, 12, 13, 14]",mr,7.730941683659576,25667.512279369414,331910.1655096078
llama,bi,mr,2,0,60,"[11, 12]",en,11.196478313004661,34.34817380510811,206.7765849661215
llama,bi,mr,2,0,60,"[11, 12]",hi,5.834863397811368,67.11948776910455,1050.3180656171107
llama,bi,mr,2,0,60,"[11, 12]",mr,7.730941683659576,99.3155241481981,1184.6497646996265
llama,bi,mr,4,0,60,"[11, 12, 13, 14]",en,11.196478313004661,386.3189937630181,3350.36164911167
llama,bi,mr,4,0,60,"[11, 12, 13, 14]",hi,5.834863397811368,5913.316525470417,101244.55808662935
llama,bi,mr,4,0,60,"[11, 12, 13, 14]",mr,7.730941683659576,10226.684870439438,132182.52506489557
llama,bi,mr,6,0,60,"[7, 10, 11, 12, 13, 14]",en,11.196478313004661,1318.1749542635498,11673.121131601669
llama,bi,mr,6,0,60,"[7, 10, 11, 12, 13, 14]",hi,5.834863397811368,16435.016104998955,281569.25229412667
llama,bi,mr,6,0,60,"[7, 10, 11, 12, 13, 14]",mr,7.730941683659576,25667.512279369414,331910.1655096078
llama,bi,mr,2,1,60,"[11, 12]",en,11.196478313004661,34.34817380510811,206.7765849661215
llama,bi,mr,2,1,60,"[11, 12]",hi,5.834863397811368,67.11948776910455,1050.3180656171107
llama,bi,mr,2,1,60,"[11, 12]",mr,7.730941683659576,99.3155241481981,1184.6497646996265
llama,bi,mr,4,1,60,"[11, 12, 13, 14]",en,11.196478313004661,386.3189937630181,3350.36164911167
llama,bi,mr,4,1,60,"[11, 12, 13, 14]",hi,5.834863397811368,5913.316525470417,101244.55808662935
llama,bi,mr,4,1,60,"[11, 12, 13, 14]",mr,7.730941683659576,10226.684870439438,132182.52506489557
llama,bi,mr,6,1,60,"[7, 10, 11, 12, 13, 14]",en,11.196478313004661,1318.1749542635498,11673.121131601669
llama,bi,mr,6,1,60,"[7, 10, 11, 12, 13, 14]",hi,5.834863397811368,16435.016104998955,281569.25229412667
llama,bi,mr,6,1,60,"[7, 10, 11, 12, 13, 14]",mr,7.730941683659576,25667.512279369414,331910.1655096078
llama,bi,mr,2,2,60,"[11, 12]",en,11.196478313004661,34.34817380510811,206.7765849661215
llama,bi,mr,2,2,60,"[11, 12]",hi,5.834863397811368,67.11948776910455,1050.3180656171107
llama,bi,mr,2,2,60,"[11, 12]",mr,7.730941683659576,99.3155241481981,1184.6497646996265
llama,bi,mr,4,2,60,"[11, 12, 13, 14]",en,11.196478313004661,386.3189937630181,3350.36164911167
llama,bi,mr,4,2,60,"[11, 12, 13, 14]",hi,5.834863397811368,5913.316525470417,101244.55808662935
llama,bi,mr,4,2,60,"[11, 12, 13, 14]",mr,7.730941683659576,10226.684870439438,132182.52506489557
llama,bi,mr,6,2,60,"[7, 10, 11, 12, 13, 14]",en,11.196478313004661,1318.1749542635498,11673.121131601669
llama,bi,mr,6,2,60,"[7, 10, 11, 12, 13, 14]",hi,5.834863397811368,16435.016104998955,281569.25229412667
llama,bi,mr,6,2,60,"[7, 10, 11, 12, 13, 14]",mr,7.730941683659576,25667.512279369414,331910.1655096078
llama,bi,mr,2,3,60,"[11, 12]",en,11.196478313004661,34.34817380510811,206.7765849661215
llama,bi,mr,2,3,60,"[11, 12]",hi,5.834863397811368,67.11948776910455,1050.3180656171107
llama,bi,mr,2,3,60,"[11, 12]",mr,7.730941683659576,99.3155241481981,1184.6497646996265
llama,bi,mr,4,3,60,"[11, 12, 13, 14]",en,11.196478313004661,386.3189937630181,3350.36164911167
llama,bi,mr,4,3,60,"[11, 12, 13, 14]",hi,5.834863397811368,5913.316525470417,101244.55808662935
llama,bi,mr,4,3,60,"[11, 12, 13, 14]",mr,7.730941683659576,10226.684870439438,132182.52506489557
llama,bi,mr,6,3,60,"[7, 10, 11, 12, 13, 14]",en,11.196478313004661,1318.1749542635498,11673.121131601669
llama,bi,mr,6,3,60,"[7, 10, 11, 12, 13, 14]",hi,5.834863397811368,16435.016104998955,281569.25229412667
llama,bi,mr,6,3,60,"[7, 10, 11, 12, 13, 14]",mr,7.730941683659576,25667.512279369414,331910.1655096078
llama,bi,mr,2,4,60,"[11, 12]",en,11.196478313004661,34.34817380510811,206.7765849661215
llama,bi,mr,2,4,60,"[11, 12]",hi,5.834863397811368,67.11948776910455,1050.3180656171107
llama,bi,mr,2,4,60,"[11, 12]",mr,7.730941683659576,99.3155241481981,1184.6497646996265
llama,bi,mr,4,4,60,"[11, 12, 13, 14]",en,11.196478313004661,386.3189937630181,3350.36164911167
llama,bi,mr,4,4,60,"[11, 12, 13, 14]",hi,5.834863397811368,5913.316525470417,101244.55808662935
llama,bi,mr,4,4,60,"[11, 12, 13, 14]",mr,7.730941683659576,10226.684870439438,132182.52506489557
llama,bi,mr,6,4,60,"[7, 10, 11, 12, 13, 14]",en,11.196478313004661,1318.1749542635498,11673.121131601669
llama,bi,mr,6,4,60,"[7, 10, 11, 12, 13, 14]",hi,5.834863397811368,16435.016104998955,281569.25229412667
llama,bi,mr,6,4,60,"[7, 10, 11, 12, 13, 14]",mr,7.730941683659576,25667.512279369414,331910.1655096078
llama,bi,mixed,2,0,60,"[12, 14]",en,11.196478313004661,44.09965133401942,293.87073418253186
llama,bi,mixed,2,0,60,"[12, 14]",hi,5.834863397811368,41.93821382946135,618.752282104705
llama,bi,mixed,2,0,60,"[12, 14]",mr,7.730941683659576,72.67963195740221,840.1135713003857
llama,bi,mixed,4,0,60,"[11, 12, 13, 14]",en,11.196478313004661,386.3189937630181,3350.36164911167
llama,bi,mixed,4,0,60,"[11, 12, 13, 14]",hi,5.834863397811368,5913.316525470417,101244.55808662935
llama,bi,mixed,4,0,60,"[11, 12, 13, 14]",mr,7.730941683659576,10226.684870439438,132182.52506489557
llama,bi,mixed,6,0,60,"[7, 10, 11, 12, 13, 14]",en,11.196478313004661,1318.1749542635498,11673.121131601669
llama,bi,mixed,6,0,60,"[7, 10, 11, 12, 13, 14]",hi,5.834863397811368,16435.016104998955,281569.25229412667
llama,bi,mixed,6,0,60,"[7, 10, 11, 12, 13, 14]",mr,7.730941683659576,25667.512279369414,331910.1655096078
llama,bi,mixed,2,1,60,"[12, 14]",en,11.196478313004661,44.09965133401942,293.87073418253186
llama,bi,mixed,2,1,60,"[12, 14]",hi,5.834863397811368,41.93821382946135,618.752282104705
llama,bi,mixed,2,1,60,"[12, 14]",mr,7.730941683659576,72.67963195740221,840.1135713003857
llama,bi,mixed,4,1,60,"[11, 12, 13, 14]",en,11.196478313004661,386.3189937630181,3350.36164911167
llama,bi,mixed,4,1,60,"[11, 12, 13, 14]",hi,5.834863397811368,5913.316525470417,101244.55808662935
llama,bi,mixed,4,1,60,"[11, 12, 13, 14]",mr,7.730941683659576,10226.684870439438,132182.52506489557
llama,bi,mixed,6,1,60,"[7, 10, 11, 12, 13, 14]",en,11.196478313004661,1318.1749542635498,11673.121131601669
llama,bi,mixed,6,1,60,"[7, 10, 11, 12, 13, 14]",hi,5.834863397811368,16435.016104998955,281569.25229412667
llama,bi,mixed,6,1,60,"[7, 10, 11, 12, 13, 14]",mr,7.730941683659576,25667.512279369414,331910.1655096078
llama,bi,mixed,2,2,60,"[12, 14]",en,11.196478313004661,44.09965133401942,293.87073418253186
llama,bi,mixed,2,2,60,"[12, 14]",hi,5.834863397811368,41.93821382946135,618.752282104705
llama,bi,mixed,2,2,60,"[12, 14]",mr,7.730941683659576,72.67963195740221,840.1135713003857
llama,bi,mixed,4,2,60,"[11, 12, 13, 14]",en,11.196478313004661,386.3189937630181,3350.36164911167
llama,bi,mixed,4,2,60,"[11, 12, 13, 14]",hi,5.834863397811368,5913.316525470417,101244.55808662935
llama,bi,mixed,4,2,60,"[11, 12, 13, 14]",mr,7.730941683659576,10226.684870439438,132182.52506489557
llama,bi,mixed,6,2,60,"[7, 10, 11, 12, 13, 14]",en,11.196478313004661,1318.1749542635498,11673.121131601669
llama,bi,mixed,6,2,60,"[7, 10, 11, 12, 13, 14]",hi,5.834863397811368,16435.016104998955,281569.25229412667
llama,bi,mixed,6,2,60,"[7, 10, 11, 12, 13, 14]",mr,7.730941683659576,25667.512279369414,331910.1655096078
llama,bi,mixed,2,3,60,"[12, 14]",en,11.196478313004661,44.09965133401942,293.87073418253186
llama,bi,mixed,2,3,60,"[12, 14]",hi,5.834863397811368,41.93821382946135,618.752282104705
llama,bi,mixed,2,3,60,"[12, 14]",mr,7.730941683659576,72.67963195740221,840.1135713003857
llama,bi,mixed,4,3,60,"[11, 12, 13, 14]",en,11.196478313004661,386.3189937630181,3350.36164911167
llama,bi,mixed,4,3,60,"[11, 12, 13, 14]",hi,5.834863397811368,5913.316525470417,101244.55808662935
llama,bi,mixed,4,3,60,"[11, 12, 13, 14]",mr,7.730941683659576,10226.684870439438,132182.52506489557
llama,bi,mixed,6,3,60,"[7, 10, 11, 12, 13, 14]",en,11.196478313004661,1318.1749542635498,11673.121131601669
llama,bi,mixed,6,3,60,"[7, 10, 11, 12, 13, 14]",hi,5.834863397811368,16435.016104998955,281569.25229412667
llama,bi,mixed,6,3,60,"[7, 10, 11, 12, 13, 14]",mr,7.730941683659576,25667.512279369414,331910.1655096078
llama,bi,mixed,2,4,60,"[12, 14]",en,11.196478313004661,44.09965133401942,293.87073418253186
llama,bi,mixed,2,4,60,"[12, 14]",hi,5.834863397811368,41.93821382946135,618.752282104705
llama,bi,mixed,2,4,60,"[12, 14]",mr,7.730941683659576,72.67963195740221,840.1135713003857
llama,bi,mixed,4,4,60,"[11, 12, 13, 14]",en,11.196478313004661,386.3189937630181,3350.36164911167
llama,bi,mixed,4,4,60,"[11, 12, 13, 14]",hi,5.834863397811368,5913.316525470417,101244.55808662935
llama,bi,mixed,4,4,60,"[11, 12, 13, 14]",mr,7.730941683659576,10226.684870439438,132182.52506489557
llama,bi,mixed,6,4,60,"[7, 10, 11, 12, 13, 14]",en,11.196478313004661,1318.1749542635498,11673.121131601669
llama,bi,mixed,6,4,60,"[7, 10, 11, 12, 13, 14]",hi,5.834863397811368,16435.016104998955,281569.25229412667
llama,bi,mixed,6,4,60,"[7, 10, 11, 12, 13, 14]",mr,7.730941683659576,25667.512279369414,331910.1655096078
