calibration,pruned_layers,target_mean_mean,target_mean_std,target_worst_mean,target_worst_std
en,2,1461.7261464205928,0.0,3081.4377019413278,0.0
en,4,905678.5815153936,0.0,2452968.8024308146,0.0
en,6,876009.2376331585,0.0,1932325.3005257412,0.0
hi,2,2694.3709628155616,0.0,6572.1326403225485,0.0
hi,4,905678.5815153936,0.0,2452968.8024308146,0.0
hi,6,876009.2376331585,0.0,1932325.3005257412,0.0
lb_mean,2,2694.3709628155616,0.0,6572.1326403225485,0.0
lb_mean,4,905678.5815153936,0.0,2452968.8024308146,0.0
lb_mean,6,876009.2376331585,0.0,1932325.3005257412,0.0
lb_minimax_rank,2,2694.3709628155616,0.0,6572.1326403225485,0.0
lb_minimax_rank,4,905678.5815153936,0.0,2452968.8024308146,0.0
lb_minimax_rank,6,876009.2376331585,0.0,1932325.3005257412,0.0
lb_rank_mean,2,2694.3709628155616,0.0,6572.1326403225485,0.0
lb_rank_mean,4,905678.5815153936,0.0,2452968.8024308146,0.0
lb_rank_mean,6,876009.2376331585,0.0,1932325.3005257412,0.0
mr,2,1037.5505547642235,0.0,1332.8989046906627,0.0
mr,4,905678.5815153936,0.0,2452968.8024308146,0.0
mr,6,876009.2376331585,0.0,1932325.3005257412,0.0
ta,2,1037.5505547642235,0.0,1332.8989046906627,0.0
ta,4,103538.13559592083,0.0,287139.71082329116,0.0
ta,6,107625.80078203327,0.0,236096.12415161837,0.0
