k,eval_language,contrast,same_layer_set,acc_diff,ci_low,ci_high,significant
2,hi,en vs hi,False,-0.016666666666666666,-0.07,0.04,False
2,hi,en vs mixed,False,-0.016666666666666666,-0.07666666666666666,0.04,False
2,mr,en vs mr,False,0.04,-0.01,0.09,False
2,mr,en vs mixed,False,0.04,-0.006666666666666667,0.08666666666666667,False
4,hi,en vs hi,False,-0.006666666666666667,-0.016666666666666666,0.0,False
4,hi,en vs mixed,False,-0.006666666666666667,-0.016666666666666666,0.0,False
4,mr,en vs mr,False,0.0,0.0,0.0,False
4,mr,en vs mixed,False,0.0,0.0,0.0,False
6,hi,en vs hi,True,0.0,0.0,0.0,False
6,hi,en vs mixed,False,0.01,0.0,0.023333333333333334,False
6,mr,en vs mr,False,0.0033333333333333335,0.0,0.01,False
6,mr,en vs mixed,False,0.0033333333333333335,0.0,0.01,False
