model,metric,calibration,pruned_layers,seed,budget,removed_layer_ids,evaluation_language,baseline_ppl,pruned_ppl,relative_ppl_degradation_pct,jaccard_vs_full_pool
gemma,bi,en,4,0,3,"[10, 12, 22, 23]",en,9.779314600880841,18.96536956155124,93.9335253601821,0.6
gemma,bi,en,4,0,3,"[10, 12, 22, 23]",hi,8.207738162919988,20.112802360891077,145.04683216814192,0.6
gemma,bi,en,4,0,3,"[10, 12, 22, 23]",mr,9.757563940479722,36.5922750147042,275.0144527662216,0.6
gemma,bi,en,4,1,3,"[9, 10, 12, 23]",en,9.779314600880841,14.747536873629306,50.80337912741827,0.6
gemma,bi,en,4,1,3,"[9, 10, 12, 23]",hi,8.207738162919988,13.841161853897647,68.63551905721991,0.6
gemma,bi,en,4,1,3,"[9, 10, 12, 23]",mr,9.757563940479722,20.549115531386917,110.59678067942681,0.6
gemma,bi,en,4,2,3,"[10, 11, 12, 23]",en,9.779314600880841,14.49099962857253,48.18011506928408,1.0
gemma,bi,en,4,2,3,"[10, 11, 12, 23]",hi,8.207738162919988,13.541729157032144,64.98734350724627,1.0
gemma,bi,en,4,2,3,"[10, 11, 12, 23]",mr,9.757563940479722,19.118410627335713,95.93425924704495,1.0
gemma,bi,en,4,3,3,"[10, 12, 22, 23]",en,9.779314600880841,18.96536956155124,93.9335253601821,0.6
gemma,bi,en,4,3,3,"[10, 12, 22, 23]",hi,8.207738162919988,20.112802360891077,145.04683216814192,0.6
gemma,bi,en,4,3,3,"[10, 12, 22, 23]",mr,9.757563940479722,36.5922750147042,275.0144527662216,0.6
gemma,bi,en,4,4,3,"[10, 11, 12, 23]",en,9.779314600880841,14.49099962857253,48.18011506928408,1.0
gemma,bi,en,4,4,3,"[10, 11, 12, 23]",hi,8.207738162919988,13.541729157032144,64.98734350724627,1.0
gemma,bi,en,4,4,3,"[10, 11, 12, 23]",mr,9.757563940479722,19.118410627335713,95.93425924704495,1.0
gemma,bi,hi,4,0,3,"[9, 10, 11, 12]",en,9.779314600880841,13.187812473153263,34.8541591244586,1.0
gemma,bi,hi,4,0,3,"[9, 10, 11, 12]",hi,8.207738162919988,10.955682034334814,33.479916352950724,1.0
gemma,bi,hi,4,0,3,"[9, 10, 11, 12]",mr,9.757563940479722,13.299551762777694,36.299919159164986,1.0
gemma,bi,hi,4,1,3,"[10, 11, 12, 23]",en,9.779314600880841,14.49099962857253,48.18011506928408,0.6
gemma,bi,hi,4,1,3,"[10, 11, 12, 23]",hi,8.207738162919988,13.541729157032144,64.98734350724627,0.6
gemma,bi,hi,4,1,3,"[10, 11, 12, 23]",mr,9.757563940479722,19.118410627335713,95.93425924704495,0.6
gemma,bi,hi,4,2,3,"[9, 10, 12, 23]",en,9.779314600880841,14.747536873629306,50.80337912741827,0.6
gemma,bi,hi,4,2,3,"[9, 10, 12, 23]",hi,8.207738162919988,13.841161853897647,68.63551905721991,0.6
gemma,bi,hi,4,2,3,"[9, 10, 12, 23]",mr,9.757563940479722,20.549115531386917,110.59678067942681,0.6
gemma,bi,hi,4,3,3,"[9, 10, 11, 12]",en,9.779314600880841,13.187812473153263,34.8541591244586,1.0
gemma,bi,hi,4,3,3,"[9, 10, 11, 12]",hi,8.207738162919988,10.955682034334814,33.479916352950724,1.0
gemma,bi,hi,4,3,3,"[9, 10, 11, 12]",mr,9.757563940479722,13.299551762777694,36.299919159164986,1.0
gemma,bi,hi,4,4,3,"[9, 10, 12, 23]",en,9.779314600880841,14.747536873629306,50.80337912741827,0.6
gemma,bi,hi,4,4,3,"[9, 10, 12, 23]",hi,8.207738162919988,13.841161853897647,68.63551905721991,0.6
gemma,bi,hi,4,4,3,"[9, 10, 12, 23]",mr,9.757563940479722,20.549115531386917,110.59678067942681,0.6
gemma,bi,mr,4,0,3,"[9, 10, 11, 12]",en,9.779314600880841,13.187812473153263,34.8541591244586,1.0
gemma,bi,mr,4,0,3,"[9, 10, 11, 12]",hi,8.207738162919988,10.955682034334814,33.479916352950724,1.0
gemma,bi,mr,4,0,3,"[9, 10, 11, 12]",mr,9.757563940479722,13.299551762777694,36.299919159164986,1.0
gemma,bi,mr,4,1,3,"[9, 10, 11, 12]",en,9.779314600880841,13.187812473153263,34.8541591244586,1.0
gemma,bi,mr,4,1,3,"[9, 10, 11, 12]",hi,8.207738162919988,10.955682034334814,33.479916352950724,1.0
gemma,bi,mr,4,1,3,"[9, 10, 11, 12]",mr,9.757563940479722,13.299551762777694,36.299919159164986,1.0
gemma,bi,mr,4,2,3,"[9, 10, 11, 12]",en,9.779314600880841,13.187812473153263,34.8541591244586,1.0
gemma,bi,mr,4,2,3,"[9, 10, 11, 12]",hi,8.207738162919988,10.955682034334814,33.479916352950724,1.0
gemma,bi,mr,4,2,3,"[9, 10, 11, 12]",mr,9.757563940479722,13.299551762777694,36.299919159164986,1.0
gemma,bi,mr,4,3,3,"[9, 10, 11, 12]",en,9.779314600880841,13.187812473153263,34.8541591244586,1.0
gemma,bi,mr,4,3,3,"[9, 10, 11, 12]",hi,8.207738162919988,10.955682034334814,33.479916352950724,1.0
gemma,bi,mr,4,3,3,"[9, 10, 11, 12]",mr,9.757563940479722,13.299551762777694,36.299919159164986,1.0
gemma,bi,mr,4,4,3,"[9, 10, 11, 12]",en,9.779314600880841,13.187812473153263,34.8541591244586,1.0
gemma,bi,mr,4,4,3,"[9, 10, 11, 12]",hi,8.207738162919988,10.955682034334814,33.479916352950724,1.0
gemma,bi,mr,4,4,3,"[9, 10, 11, 12]",mr,9.757563940479722,13.299551762777694,36.299919159164986,1.0
gemma,bi,mixed,4,0,3,"[9, 10, 11, 12]",en,9.779314600880841,13.187812473153263,34.8541591244586,1.0
gemma,bi,mixed,4,0,3,"[9, 10, 11, 12]",hi,8.207738162919988,10.955682034334814,33.479916352950724,1.0
gemma,bi,mixed,4,0,3,"[9, 10, 11, 12]",mr,9.757563940479722,13.299551762777694,36.299919159164986,1.0
gemma,bi,mixed,4,1,3,"[9, 10, 12, 23]",en,9.779314600880841,14.747536873629306,50.80337912741827,0.6
gemma,bi,mixed,4,1,3,"[9, 10, 12, 23]",hi,8.207738162919988,13.841161853897647,68.63551905721991,0.6
gemma,bi,mixed,4,1,3,"[9, 10, 12, 23]",mr,9.757563940479722,20.549115531386917,110.59678067942681,0.6
gemma,bi,mixed,4,2,3,"[9, 10, 11, 12]",en,9.779314600880841,13.187812473153263,34.8541591244586,1.0
gemma,bi,mixed,4,2,3,"[9, 10, 11, 12]",hi,8.207738162919988,10.955682034334814,33.479916352950724,1.0
gemma,bi,mixed,4,2,3,"[9, 10, 11, 12]",mr,9.757563940479722,13.299551762777694,36.299919159164986,1.0
gemma,bi,mixed,4,3,3,"[9, 10, 12, 23]",en,9.779314600880841,14.747536873629306,50.80337912741827,0.6
gemma,bi,mixed,4,3,3,"[9, 10, 12, 23]",hi,8.207738162919988,13.841161853897647,68.63551905721991,0.6
gemma,bi,mixed,4,3,3,"[9, 10, 12, 23]",mr,9.757563940479722,20.549115531386917,110.59678067942681,0.6
gemma,bi,mixed,4,4,3,"[9, 10, 11, 12]",en,9.779314600880841,13.187812473153263,34.8541591244586,1.0
gemma,bi,mixed,4,4,3,"[9, 10, 11, 12]",hi,8.207738162919988,10.955682034334814,33.479916352950724,1.0
gemma,bi,mixed,4,4,3,"[9, 10, 11, 12]",mr,9.757563940479722,13.299551762777694,36.299919159164986,1.0
gemma,bi,en,4,0,6,"[10, 11, 12, 23]",en,9.779314600880841,14.49099962857253,48.18011506928408,1.0
gemma,bi,en,4,0,6,"[10, 11, 12, 23]",hi,8.207738162919988,13.541729157032144,64.98734350724627,1.0
gemma,bi,en,4,0,6,"[10, 11, 12, 23]",mr,9.757563940479722,19.118410627335713,95.93425924704495,1.0
gemma,bi,en,4,1,6,"[10, 11, 12, 23]",en,9.779314600880841,14.49099962857253,48.18011506928408,1.0
gemma,bi,en,4,1,6,"[10, 11, 12, 23]",hi,8.207738162919988,13.541729157032144,64.98734350724627,1.0
gemma,bi,en,4,1,6,"[10, 11, 12, 23]",mr,9.757563940479722,19.118410627335713,95.93425924704495,1.0
gemma,bi,en,4,2,6,"[10, 11, 12, 23]",en,9.779314600880841,14.49099962857253,48.18011506928408,1.0
gemma,bi,en,4,2,6,"[10, 11, 12, 23]",hi,8.207738162919988,13.541729157032144,64.98734350724627,1.0
gemma,bi,en,4,2,6,"[10, 11, 12, 23]",mr,9.757563940479722,19.118410627335713,95.93425924704495,1.0
gemma,bi,en,4,3,6,"[10, 11, 12, 23]",en,9.779314600880841,14.49099962857253,48.18011506928408,1.0
gemma,bi,en,4,3,6,"[10, 11, 12, 23]",hi,8.207738162919988,13.541729157032144,64.98734350724627,1.0
gemma,bi,en,4,3,6,"[10, 11, 12, 23]",mr,9.757563940479722,19.118410627335713,95.93425924704495,1.0
gemma,bi,en,4,4,6,"[10, 11, 12, 23]",en,9.779314600880841,14.49099962857253,48.18011506928408,1.0
gemma,bi,en,4,4,6,"[10, 11, 12, 23]",hi,8.207738162919988,13.541729157032144,64.98734350724627,1.0
gemma,bi,en,4,4,6,"[10, 11, 12, 23]",mr,9.757563940479722,19.118410627335713,95.93425924704495,1.0
gemma,bi,hi,4,0,6,"[9, 10, 12, 23]",en,9.779314600880841,14.747536873629306,50.80337912741827,0.6
gemma,bi,hi,4,0,6,"[9, 10, 12, 23]",hi,8.207738162919988,13.841161853897647,68.63551905721991,0.6
gemma,bi,hi,4,0,6,"[9, 10, 12, 23]",mr,9.757563940479722,20.549115531386917,110.59678067942681,0.6
gemma,bi,hi,4,1,6,"[9, 10, 12, 23]",en,9.779314600880841,14.747536873629306,50.80337912741827,0.6
gemma,bi,hi,4,1,6,"[9, 10, 12, 23]",hi,8.207738162919988,13.841161853897647,68.63551905721991,0.6
gemma,bi,hi,4,1,6,"[9, 10, 12, 23]",mr,9.757563940479722,20.549115531386917,110.59678067942681,0.6
gemma,bi,hi,4,2,6,"[9, 10, 11, 12]",en,9.779314600880841,13.187812473153263,34.8541591244586,1.0
gemma,bi,hi,4,2,6,"[9, 10, 11, 12]",hi,8.207738162919988,10.955682034334814,33.479916352950724,1.0
gemma,bi,hi,4,2,6,"[9, 10, 11, 12]",mr,9.757563940479722,13.299551762777694,36.299919159164986,1.0
gemma,bi,hi,4,3,6,"[9, 10, 12, 23]",en,9.779314600880841,14.747536873629306,50.80337912741827,0.6
gemma,bi,hi,4,3,6,"[9, 10, 12, 23]",hi,8.207738162919988,13.841161853897647,68.63551905721991,0.6
gemma,bi,hi,4,3,6,"[9, 10, 12, 23]",mr,9.757563940479722,20.549115531386917,110.59678067942681,0.6
gemma,bi,hi,4,4,6,"[9, 10, 12, 23]",en,9.779314600880841,14.747536873629306,50.80337912741827,0.6
gemma,bi,hi,4,4,6,"[9, 10, 12, 23]",hi,8.207738162919988,13.841161853897647,68.63551905721991,0.6
gemma,bi,hi,4,4,6,"[9, 10, 12, 23]",mr,9.757563940479722,20.549115531386917,110.59678067942681,0.6
gemma,bi,mr,4,0,6,"[9, 10, 11, 12]",en,9.779314600880841,13.187812473153263,34.8541591244586,1.0
gemma,bi,mr,4,0,6,"[9, 10, 11, 12]",hi,8.207738162919988,10.955682034334814,33.479916352950724,1.0
gemma,bi,mr,4,0,6,"[9, 10, 11, 12]",mr,9.757563940479722,13.299551762777694,36.299919159164986,1.0
gemma,bi,mr,4,1,6,"[9, 10, 11, 12]",en,9.779314600880841,13.187812473153263,34.8541591244586,1.0
gemma,bi,mr,4,1,6,"[9, 10, 11, 12]",hi,8.207738162919988,10.955682034334814,33.479916352950724,1.0
gemma,bi,mr,4,1,6,"[9, 10, 11, 12]",mr,9.757563940479722,13.299551762777694,36.299919159164986,1.0
gemma,bi,mr,4,2,6,"[9, 10, 11, 12]",en,9.779314600880841,13.187812473153263,34.8541591244586,1.0
gemma,bi,mr,4,2,6,"[9, 10, 11, 12]",hi,8.207738162919988,10.955682034334814,33.479916352950724,1.0
gemma,bi,mr,4,2,6,"[9, 10, 11, 12]",mr,9.757563940479722,13.299551762777694,36.299919159164986,1.0
gemma,bi,mr,4,3,6,"[9, 10, 11, 12]",en,9.779314600880841,13.187812473153263,34.8541591244586,1.0
gemma,bi,mr,4,3,6,"[9, 10, 11, 12]",hi,8.207738162919988,10.955682034334814,33.479916352950724,1.0
gemma,bi,mr,4,3,6,"[9, 10, 11, 12]",mr,9.757563940479722,13.299551762777694,36.299919159164986,1.0
gemma,bi,mr,4,4,6,"[9, 10, 11, 12]",en,9.779314600880841,13.187812473153263,34.8541591244586,1.0
gemma,bi,mr,4,4,6,"[9, 10, 11, 12]",hi,8.207738162919988,10.955682034334814,33.479916352950724,1.0
gemma,bi,mr,4,4,6,"[9, 10, 11, 12]",mr,9.757563940479722,13.299551762777694,36.299919159164986,1.0
gemma,bi,mixed,4,0,6,"[9, 10, 11, 12]",en,9.779314600880841,13.187812473153263,34.8541591244586,1.0
gemma,bi,mixed,4,0,6,"[9, 10, 11, 12]",hi,8.207738162919988,10.955682034334814,33.479916352950724,1.0
gemma,bi,mixed,4,0,6,"[9, 10, 11, 12]",mr,9.757563940479722,13.299551762777694,36.299919159164986,1.0
gemma,bi,mixed,4,1,6,"[9, 10, 11, 12]",en,9.779314600880841,13.187812473153263,34.8541591244586,1.0
gemma,bi,mixed,4,1,6,"[9, 10, 11, 12]",hi,8.207738162919988,10.955682034334814,33.479916352950724,1.0
gemma,bi,mixed,4,1,6,"[9, 10, 11, 12]",mr,9.757563940479722,13.299551762777694,36.299919159164986,1.0
gemma,bi,mixed,4,2,6,"[9, 10, 12, 23]",en,9.779314600880841,14.747536873629306,50.80337912741827,0.6
gemma,bi,mixed,4,2,6,"[9, 10, 12, 23]",hi,8.207738162919988,13.841161853897647,68.63551905721991,0.6
gemma,bi,mixed,4,2,6,"[9, 10, 12, 23]",mr,9.757563940479722,20.549115531386917,110.59678067942681,0.6
gemma,bi,mixed,4,3,6,"[9, 10, 11, 12]",en,9.779314600880841,13.187812473153263,34.8541591244586,1.0
gemma,bi,mixed,4,3,6,"[9, 10, 11, 12]",hi,8.207738162919988,10.955682034334814,33.479916352950724,1.0
gemma,bi,mixed,4,3,6,"[9, 10, 11, 12]",mr,9.757563940479722,13.299551762777694,36.299919159164986,1.0
gemma,bi,mixed,4,4,6,"[9, 10, 11, 12]",en,9.779314600880841,13.187812473153263,34.8541591244586,1.0
gemma,bi,mixed,4,4,6,"[9, 10, 11, 12]",hi,8.207738162919988,10.955682034334814,33.479916352950724,1.0
gemma,bi,mixed,4,4,6,"[9, 10, 11, 12]",mr,9.757563940479722,13.299551762777694,36.299919159164986,1.0
gemma,bi,en,4,0,15,"[10, 11, 12, 23]",en,9.779314600880841,14.49099962857253,48.18011506928408,1.0
gemma,bi,en,4,0,15,"[10, 11, 12, 23]",hi,8.207738162919988,13.541729157032144,64.98734350724627,1.0
gemma,bi,en,4,0,15,"[10, 11, 12, 23]",mr,9.757563940479722,19.118410627335713,95.93425924704495,1.0
gemma,bi,en,4,1,15,"[10, 11, 12, 23]",en,9.779314600880841,14.49099962857253,48.18011506928408,1.0
gemma,bi,en,4,1,15,"[10, 11, 12, 23]",hi,8.207738162919988,13.541729157032144,64.98734350724627,1.0
gemma,bi,en,4,1,15,"[10, 11, 12, 23]",mr,9.757563940479722,19.118410627335713,95.93425924704495,1.0
gemma,bi,en,4,2,15,"[10, 12, 22, 23]",en,9.779314600880841,18.96536956155124,93.9335253601821,0.6
gemma,bi,en,4,2,15,"[10, 12, 22, 23]",hi,8.207738162919988,20.112802360891077,145.04683216814192,0.6
gemma,bi,en,4,2,15,"[10, 12, 22, 23]",mr,9.757563940479722,36.5922750147042,275.0144527662216,0.6
gemma,bi,en,4,3,15,"[10, 12, 22, 23]",en,9.779314600880841,18.96536956155124,93.9335253601821,0.6
gemma,bi,en,4,3,15,"[10, 12, 22, 23]",hi,8.207738162919988,20.112802360891077,145.04683216814192,0.6
gemma,bi,en,4,3,15,"[10, 12, 22, 23]",mr,9.757563940479722,36.5922750147042,275.0144527662216,0.6
gemma,bi,en,4,4,15,"[10, 11, 12, 23]",en,9.779314600880841,14.49099962857253,48.18011506928408,1.0
gemma,bi,en,4,4,15,"[10, 11, 12, 23]",hi,8.207738162919988,13.541729157032144,64.98734350724627,1.0
gemma,bi,en,4,4,15,"[10, 11, 12, 23]",mr,9.757563940479722,19.118410627335713,95.93425924704495,1.0
gemma,bi,hi,4,0,15,"[9, 10, 12, 23]",en,9.779314600880841,14.747536873629306,50.80337912741827,0.6
gemma,bi,hi,4,0,15,"[9, 10, 12, 23]",hi,8.207738162919988,13.841161853897647,68.63551905721991,0.6
gemma,bi,hi,4,0,15,"[9, 10, 12, 23]",mr,9.757563940479722,20.549115531386917,110.59678067942681,0.6
gemma,bi,hi,4,1,15,"[9, 10, 12, 23]",en,9.779314600880841,14.747536873629306,50.80337912741827,0.6
gemma,bi,hi,4,1,15,"[9, 10, 12, 23]",hi,8.207738162919988,13.841161853897647,68.63551905721991,0.6
gemma,bi,hi,4,1,15,"[9, 10, 12, 23]",mr,9.757563940479722,20.549115531386917,110.59678067942681,0.6
gemma,bi,hi,4,2,15,"[9, 10, 11, 12]",en,9.779314600880841,13.187812473153263,34.8541591244586,1.0
gemma,bi,hi,4,2,15,"[9, 10, 11, 12]",hi,8.207738162919988,10.955682034334814,33.479916352950724,1.0
gemma,bi,hi,4,2,15,"[9, 10, 11, 12]",mr,9.757563940479722,13.299551762777694,36.299919159164986,1.0
gemma,bi,hi,4,3,15,"[9, 10, 11, 12]",en,9.779314600880841,13.187812473153263,34.8541591244586,1.0
gemma,bi,hi,4,3,15,"[9, 10, 11, 12]",hi,8.207738162919988,10.955682034334814,33.479916352950724,1.0
gemma,bi,hi,4,3,15,"[9, 10, 11, 12]",mr,9.757563940479722,13.299551762777694,36.299919159164986,1.0
gemma,bi,hi,4,4,15,"[9, 10, 11, 12]",en,9.779314600880841,13.187812473153263,34.8541591244586,1.0
gemma,bi,hi,4,4,15,"[9, 10, 11, 12]",hi,8.207738162919988,10.955682034334814,33.479916352950724,1.0
gemma,bi,hi,4,4,15,"[9, 10, 11, 12]",mr,9.757563940479722,13.299551762777694,36.299919159164986,1.0
gemma,bi,mr,4,0,15,"[9, 10, 11, 12]",en,9.779314600880841,13.187812473153263,34.8541591244586,1.0
gemma,bi,mr,4,0,15,"[9, 10, 11, 12]",hi,8.207738162919988,10.955682034334814,33.479916352950724,1.0
gemma,bi,mr,4,0,15,"[9, 10, 11, 12]",mr,9.757563940479722,13.299551762777694,36.299919159164986,1.0
gemma,bi,mr,4,1,15,"[9, 10, 11, 12]",en,9.779314600880841,13.187812473153263,34.8541591244586,1.0
gemma,bi,mr,4,1,15,"[9, 10, 11, 12]",hi,8.207738162919988,10.955682034334814,33.479916352950724,1.0
gemma,bi,mr,4,1,15,"[9, 10, 11, 12]",mr,9.757563940479722,13.299551762777694,36.299919159164986,1.0
gemma,bi,mr,4,2,15,"[9, 10, 11, 12]",en,9.779314600880841,13.187812473153263,34.8541591244586,1.0
gemma,bi,mr,4,2,15,"[9, 10, 11, 12]",hi,8.207738162919988,10.955682034334814,33.479916352950724,1.0
gemma,bi,mr,4,2,15,"[9, 10, 11, 12]",mr,9.757563940479722,13.299551762777694,36.299919159164986,1.0
gemma,bi,mr,4,3,15,"[9, 10, 11, 12]",en,9.779314600880841,13.187812473153263,34.8541591244586,1.0
gemma,bi,mr,4,3,15,"[9, 10, 11, 12]",hi,8.207738162919988,10.955682034334814,33.479916352950724,1.0
gemma,bi,mr,4,3,15,"[9, 10, 11, 12]",mr,9.757563940479722,13.299551762777694,36.299919159164986,1.0
gemma,bi,mr,4,4,15,"[9, 10, 11, 12]",en,9.779314600880841,13.187812473153263,34.8541591244586,1.0
gemma,bi,mr,4,4,15,"[9, 10, 11, 12]",hi,8.207738162919988,10.955682034334814,33.479916352950724,1.0
gemma,bi,mr,4,4,15,"[9, 10, 11, 12]",mr,9.757563940479722,13.299551762777694,36.299919159164986,1.0
gemma,bi,mixed,4,0,15,"[9, 10, 11, 12]",en,9.779314600880841,13.187812473153263,34.8541591244586,1.0
gemma,bi,mixed,4,0,15,"[9, 10, 11, 12]",hi,8.207738162919988,10.955682034334814,33.479916352950724,1.0
gemma,bi,mixed,4,0,15,"[9, 10, 11, 12]",mr,9.757563940479722,13.299551762777694,36.299919159164986,1.0
gemma,bi,mixed,4,1,15,"[9, 10, 11, 12]",en,9.779314600880841,13.187812473153263,34.8541591244586,1.0
gemma,bi,mixed,4,1,15,"[9, 10, 11, 12]",hi,8.207738162919988,10.955682034334814,33.479916352950724,1.0
gemma,bi,mixed,4,1,15,"[9, 10, 11, 12]",mr,9.757563940479722,13.299551762777694,36.299919159164986,1.0
gemma,bi,mixed,4,2,15,"[9, 10, 11, 12]",en,9.779314600880841,13.187812473153263,34.8541591244586,1.0
gemma,bi,mixed,4,2,15,"[9, 10, 11, 12]",hi,8.207738162919988,10.955682034334814,33.479916352950724,1.0
gemma,bi,mixed,4,2,15,"[9, 10, 11, 12]",mr,9.757563940479722,13.299551762777694,36.299919159164986,1.0
gemma,bi,mixed,4,3,15,"[9, 10, 11, 12]",en,9.779314600880841,13.187812473153263,34.8541591244586,1.0
gemma,bi,mixed,4,3,15,"[9, 10, 11, 12]",hi,8.207738162919988,10.955682034334814,33.479916352950724,1.0
gemma,bi,mixed,4,3,15,"[9, 10, 11, 12]",mr,9.757563940479722,13.299551762777694,36.299919159164986,1.0
gemma,bi,mixed,4,4,15,"[9, 10, 11, 12]",en,9.779314600880841,13.187812473153263,34.8541591244586,1.0
gemma,bi,mixed,4,4,15,"[9, 10, 11, 12]",hi,8.207738162919988,10.955682034334814,33.479916352950724,1.0
gemma,bi,mixed,4,4,15,"[9, 10, 11, 12]",mr,9.757563940479722,13.299551762777694,36.299919159164986,1.0
gemma,bi,en,4,0,30,"[10, 12, 22, 23]",en,9.779314600880841,18.96536956155124,93.9335253601821,0.6
gemma,bi,en,4,0,30,"[10, 12, 22, 23]",hi,8.207738162919988,20.112802360891077,145.04683216814192,0.6
gemma,bi,en,4,0,30,"[10, 12, 22, 23]",mr,9.757563940479722,36.5922750147042,275.0144527662216,0.6
gemma,bi,en,4,1,30,"[10, 11, 12, 23]",en,9.779314600880841,14.49099962857253,48.18011506928408,1.0
gemma,bi,en,4,1,30,"[10, 11, 12, 23]",hi,8.207738162919988,13.541729157032144,64.98734350724627,1.0
gemma,bi,en,4,1,30,"[10, 11, 12, 23]",mr,9.757563940479722,19.118410627335713,95.93425924704495,1.0
gemma,bi,en,4,2,30,"[10, 11, 12, 23]",en,9.779314600880841,14.49099962857253,48.18011506928408,1.0
gemma,bi,en,4,2,30,"[10, 11, 12, 23]",hi,8.207738162919988,13.541729157032144,64.98734350724627,1.0
gemma,bi,en,4,2,30,"[10, 11, 12, 23]",mr,9.757563940479722,19.118410627335713,95.93425924704495,1.0
gemma,bi,en,4,3,30,"[10, 12, 22, 23]",en,9.779314600880841,18.96536956155124,93.9335253601821,0.6
gemma,bi,en,4,3,30,"[10, 12, 22, 23]",hi,8.207738162919988,20.112802360891077,145.04683216814192,0.6
gemma,bi,en,4,3,30,"[10, 12, 22, 23]",mr,9.757563940479722,36.5922750147042,275.0144527662216,0.6
gemma,bi,en,4,4,30,"[10, 11, 12, 23]",en,9.779314600880841,14.49099962857253,48.18011506928408,1.0
gemma,bi,en,4,4,30,"[10, 11, 12, 23]",hi,8.207738162919988,13.541729157032144,64.98734350724627,1.0
gemma,bi,en,4,4,30,"[10, 11, 12, 23]",mr,9.757563940479722,19.118410627335713,95.93425924704495,1.0
gemma,bi,hi,4,0,30,"[9, 10, 11, 12]",en,9.779314600880841,13.187812473153263,34.8541591244586,1.0
gemma,bi,hi,4,0,30,"[9, 10, 11, 12]",hi,8.207738162919988,10.955682034334814,33.479916352950724,1.0
gemma,bi,hi,4,0,30,"[9, 10, 11, 12]",mr,9.757563940479722,13.299551762777694,36.299919159164986,1.0
gemma,bi,hi,4,1,30,"[9, 10, 11, 12]",en,9.779314600880841,13.187812473153263,34.8541591244586,1.0
gemma,bi,hi,4,1,30,"[9, 10, 11, 12]",hi,8.207738162919988,10.955682034334814,33.479916352950724,1.0
gemma,bi,hi,4,1,30,"[9, 10, 11, 12]",mr,9.757563940479722,13.299551762777694,36.299919159164986,1.0
gemma,bi,hi,4,2,30,"[9, 10, 11, 12]",en,9.779314600880841,13.187812473153263,34.8541591244586,1.0
gemma,bi,hi,4,2,30,"[9, 10, 11, 12]",hi,8.207738162919988,10.955682034334814,33.479916352950724,1.0
gemma,bi,hi,4,2,30,"[9, 10, 11, 12]",mr,9.757563940479722,13.299551762777694,36.299919159164986,1.0
gemma,bi,hi,4,3,30,"[9, 10, 12, 23]",en,9.779314600880841,14.747536873629306,50.80337912741827,0.6
gemma,bi,hi,4,3,30,"[9, 10, 12, 23]",hi,8.207738162919988,13.841161853897647,68.63551905721991,0.6
gemma,bi,hi,4,3,30,"[9, 10, 12, 23]",mr,9.757563940479722,20.549115531386917,110.59678067942681,0.6
gemma,bi,hi,4,4,30,"[9, 10, 12, 23]",en,9.779314600880841,14.747536873629306,50.80337912741827,0.6
gemma,bi,hi,4,4,30,"[9, 10, 12, 23]",hi,8.207738162919988,13.841161853897647,68.63551905721991,0.6
gemma,bi,hi,4,4,30,"[9, 10, 12, 23]",mr,9.757563940479722,20.549115531386917,110.59678067942681,0.6
gemma,bi,mr,4,0,30,"[9, 10, 11, 12]",en,9.779314600880841,13.187812473153263,34.8541591244586,1.0
gemma,bi,mr,4,0,30,"[9, 10, 11, 12]",hi,8.207738162919988,10.955682034334814,33.479916352950724,1.0
gemma,bi,mr,4,0,30,"[9, 10, 11, 12]",mr,9.757563940479722,13.299551762777694,36.299919159164986,1.0
gemma,bi,mr,4,1,30,"[9, 10, 11, 12]",en,9.779314600880841,13.187812473153263,34.8541591244586,1.0
gemma,bi,mr,4,1,30,"[9, 10, 11, 12]",hi,8.207738162919988,10.955682034334814,33.479916352950724,1.0
gemma,bi,mr,4,1,30,"[9, 10, 11, 12]",mr,9.757563940479722,13.299551762777694,36.299919159164986,1.0
gemma,bi,mr,4,2,30,"[9, 10, 11, 12]",en,9.779314600880841,13.187812473153263,34.8541591244586,1.0
gemma,bi,mr,4,2,30,"[9, 10, 11, 12]",hi,8.207738162919988,10.955682034334814,33.479916352950724,1.0
gemma,bi,mr,4,2,30,"[9, 10, 11, 12]",mr,9.757563940479722,13.299551762777694,36.299919159164986,1.0
gemma,bi,mr,4,3,30,"[9, 10, 11, 12]",en,9.779314600880841,13.187812473153263,34.8541591244586,1.0
gemma,bi,mr,4,3,30,"[9, 10, 11, 12]",hi,8.207738162919988,10.955682034334814,33.479916352950724,1.0
gemma,bi,mr,4,3,30,"[9, 10, 11, 12]",mr,9.757563940479722,13.299551762777694,36.299919159164986,1.0
gemma,bi,mr,4,4,30,"[9, 10, 11, 12]",en,9.779314600880841,13.187812473153263,34.8541591244586,1.0
gemma,bi,mr,4,4,30,"[9, 10, 11, 12]",hi,8.207738162919988,10.955682034334814,33.479916352950724,1.0
gemma,bi,mr,4,4,30,"[9, 10, 11, 12]",mr,9.757563940479722,13.299551762777694,36.299919159164986,1.0
gemma,bi,mixed,4,0,30,"[9, 10, 11, 12]",en,9.779314600880841,13.187812473153263,34.8541591244586,1.0
gemma,bi,mixed,4,0,30,"[9, 10, 11, 12]",hi,8.207738162919988,10.955682034334814,33.479916352950724,1.0
gemma,bi,mixed,4,0,30,"[9, 10, 11, 12]",mr,9.757563940479722,13.299551762777694,36.299919159164986,1.0
gemma,bi,mixed,4,1,30,"[9, 10, 11, 12]",en,9.779314600880841,13.187812473153263,34.8541591244586,1.0
gemma,bi,mixed,4,1,30,"[9, 10, 11, 12]",hi,8.207738162919988,10.955682034334814,33.479916352950724,1.0
gemma,bi,mixed,4,1,30,"[9, 10, 11, 12]",mr,9.757563940479722,13.299551762777694,36.299919159164986,1.0
gemma,bi,mixed,4,2,30,"[9, 10, 11, 12]",en,9.779314600880841,13.187812473153263,34.8541591244586,1.0
gemma,bi,mixed,4,2,30,"[9, 10, 11, 12]",hi,8.207738162919988,10.955682034334814,33.479916352950724,1.0
gemma,bi,mixed,4,2,30,"[9, 10, 11, 12]",mr,9.757563940479722,13.299551762777694,36.299919159164986,1.0
gemma,bi,mixed,4,3,30,"[9, 10, 11, 12]",en,9.779314600880841,13.187812473153263,34.8541591244586,1.0
gemma,bi,mixed,4,3,30,"[9, 10, 11, 12]",hi,8.207738162919988,10.955682034334814,33.479916352950724,1.0
gemma,bi,mixed,4,3,30,"[9, 10, 11, 12]",mr,9.757563940479722,13.299551762777694,36.299919159164986,1.0
gemma,bi,mixed,4,4,30,"[9, 10, 11, 12]",en,9.779314600880841,13.187812473153263,34.8541591244586,1.0
gemma,bi,mixed,4,4,30,"[9, 10, 11, 12]",hi,8.207738162919988,10.955682034334814,33.479916352950724,1.0
gemma,bi,mixed,4,4,30,"[9, 10, 11, 12]",mr,9.757563940479722,13.299551762777694,36.299919159164986,1.0
gemma,bi,en,4,0,60,"[10, 11, 12, 23]",en,9.779314600880841,14.49099962857253,48.18011506928408,1.0
gemma,bi,en,4,0,60,"[10, 11, 12, 23]",hi,8.207738162919988,13.541729157032144,64.98734350724627,1.0
gemma,bi,en,4,0,60,"[10, 11, 12, 23]",mr,9.757563940479722,19.118410627335713,95.93425924704495,1.0
gemma,bi,en,4,1,60,"[10, 11, 12, 23]",en,9.779314600880841,14.49099962857253,48.18011506928408,1.0
gemma,bi,en,4,1,60,"[10, 11, 12, 23]",hi,8.207738162919988,13.541729157032144,64.98734350724627,1.0
gemma,bi,en,4,1,60,"[10, 11, 12, 23]",mr,9.757563940479722,19.118410627335713,95.93425924704495,1.0
gemma,bi,en,4,2,60,"[10, 11, 12, 23]",en,9.779314600880841,14.49099962857253,48.18011506928408,1.0
gemma,bi,en,4,2,60,"[10, 11, 12, 23]",hi,8.207738162919988,13.541729157032144,64.98734350724627,1.0
gemma,bi,en,4,2,60,"[10, 11, 12, 23]",mr,9.757563940479722,19.118410627335713,95.93425924704495,1.0
gemma,bi,en,4,3,60,"[10, 11, 12, 23]",en,9.779314600880841,14.49099962857253,48.18011506928408,1.0
gemma,bi,en,4,3,60,"[10, 11, 12, 23]",hi,8.207738162919988,13.541729157032144,64.98734350724627,1.0
gemma,bi,en,4,3,60,"[10, 11, 12, 23]",mr,9.757563940479722,19.118410627335713,95.93425924704495,1.0
gemma,bi,en,4,4,60,"[10, 11, 12, 23]",en,9.779314600880841,14.49099962857253,48.18011506928408,1.0
gemma,bi,en,4,4,60,"[10, 11, 12, 23]",hi,8.207738162919988,13.541729157032144,64.98734350724627,1.0
gemma,bi,en,4,4,60,"[10, 11, 12, 23]",mr,9.757563940479722,19.118410627335713,95.93425924704495,1.0
gemma,bi,hi,4,0,60,"[9, 10, 11, 12]",en,9.779314600880841,13.187812473153263,34.8541591244586,1.0
gemma,bi,hi,4,0,60,"[9, 10, 11, 12]",hi,8.207738162919988,10.955682034334814,33.479916352950724,1.0
gemma,bi,hi,4,0,60,"[9, 10, 11, 12]",mr,9.757563940479722,13.299551762777694,36.299919159164986,1.0
gemma,bi,hi,4,1,60,"[9, 10, 12, 23]",en,9.779314600880841,14.747536873629306,50.80337912741827,0.6
gemma,bi,hi,4,1,60,"[9, 10, 12, 23]",hi,8.207738162919988,13.841161853897647,68.63551905721991,0.6
gemma,bi,hi,4,1,60,"[9, 10, 12, 23]",mr,9.757563940479722,20.549115531386917,110.59678067942681,0.6
gemma,bi,hi,4,2,60,"[9, 10, 11, 12]",en,9.779314600880841,13.187812473153263,34.8541591244586,1.0
gemma,bi,hi,4,2,60,"[9, 10, 11, 12]",hi,8.207738162919988,10.955682034334814,33.479916352950724,1.0
gemma,bi,hi,4,2,60,"[9, 10, 11, 12]",mr,9.757563940479722,13.299551762777694,36.299919159164986,1.0
gemma,bi,hi,4,3,60,"[9, 10, 11, 12]",en,9.779314600880841,13.187812473153263,34.8541591244586,1.0
gemma,bi,hi,4,3,60,"[9, 10, 11, 12]",hi,8.207738162919988,10.955682034334814,33.479916352950724,1.0
gemma,bi,hi,4,3,60,"[9, 10, 11, 12]",mr,9.757563940479722,13.299551762777694,36.299919159164986,1.0
gemma,bi,hi,4,4,60,"[9, 10, 11, 12]",en,9.779314600880841,13.187812473153263,34.8541591244586,1.0
gemma,bi,hi,4,4,60,"[9, 10, 11, 12]",hi,8.207738162919988,10.955682034334814,33.479916352950724,1.0
gemma,bi,hi,4,4,60,"[9, 10, 11, 12]",mr,9.757563940479722,13.299551762777694,36.299919159164986,1.0
gemma,bi,mr,4,0,60,"[9, 10, 11, 12]",en,9.779314600880841,13.187812473153263,34.8541591244586,1.0
gemma,bi,mr,4,0,60,"[9, 10, 11, 12]",hi,8.207738162919988,10.955682034334814,33.479916352950724,1.0
gemma,bi,mr,4,0,60,"[9, 10, 11, 12]",mr,9.757563940479722,13.299551762777694,36.299919159164986,1.0
gemma,bi,mr,4,1,60,"[9, 10, 11, 12]",en,9.779314600880841,13.187812473153263,34.8541591244586,1.0
gemma,bi,mr,4,1,60,"[9, 10, 11, 12]",hi,8.207738162919988,10.955682034334814,33.479916352950724,1.0
gemma,bi,mr,4,1,60,"[9, 10, 11, 12]",mr,9.757563940479722,13.299551762777694,36.299919159164986,1.0
gemma,bi,mr,4,2,60,"[9, 10, 11, 12]",en,9.779314600880841,13.187812473153263,34.8541591244586,1.0
gemma,bi,mr,4,2,60,"[9, 10, 11, 12]",hi,8.207738162919988,10.955682034334814,33.479916352950724,1.0
gemma,bi,mr,4,2,60,"[9, 10, 11, 12]",mr,9.757563940479722,13.299551762777694,36.299919159164986,1.0
gemma,bi,mr,4,3,60,"[9, 10, 11, 12]",en,9.779314600880841,13.187812473153263,34.8541591244586,1.0
gemma,bi,mr,4,3,60,"[9, 10, 11, 12]",hi,8.207738162919988,10.955682034334814,33.479916352950724,1.0
gemma,bi,mr,4,3,60,"[9, 10, 11, 12]",mr,9.757563940479722,13.299551762777694,36.299919159164986,1.0
gemma,bi,mr,4,4,60,"[9, 10, 11, 12]",en,9.779314600880841,13.187812473153263,34.8541591244586,1.0
gemma,bi,mr,4,4,60,"[9, 10, 11, 12]",hi,8.207738162919988,10.955682034334814,33.479916352950724,1.0
gemma,bi,mr,4,4,60,"[9, 10, 11, 12]",mr,9.757563940479722,13.299551762777694,36.299919159164986,1.0
gemma,bi,mixed,4,0,60,"[9, 10, 11, 12]",en,9.779314600880841,13.187812473153263,34.8541591244586,1.0
gemma,bi,mixed,4,0,60,"[9, 10, 11, 12]",hi,8.207738162919988,10.955682034334814,33.479916352950724,1.0
gemma,bi,mixed,4,0,60,"[9, 10, 11, 12]",mr,9.757563940479722,13.299551762777694,36.299919159164986,1.0
gemma,bi,mixed,4,1,60,"[9, 10, 11, 12]",en,9.779314600880841,13.187812473153263,34.8541591244586,1.0
gemma,bi,mixed,4,1,60,"[9, 10, 11, 12]",hi,8.207738162919988,10.955682034334814,33.479916352950724,1.0
gemma,bi,mixed,4,1,60,"[9, 10, 11, 12]",mr,9.757563940479722,13.299551762777694,36.299919159164986,1.0
gemma,bi,mixed,4,2,60,"[9, 10, 11, 12]",en,9.779314600880841,13.187812473153263,34.8541591244586,1.0
gemma,bi,mixed,4,2,60,"[9, 10, 11, 12]",hi,8.207738162919988,10.955682034334814,33.479916352950724,1.0
gemma,bi,mixed,4,2,60,"[9, 10, 11, 12]",mr,9.757563940479722,13.299551762777694,36.299919159164986,1.0
gemma,bi,mixed,4,3,60,"[9, 10, 11, 12]",en,9.779314600880841,13.187812473153263,34.8541591244586,1.0
gemma,bi,mixed,4,3,60,"[9, 10, 11, 12]",hi,8.207738162919988,10.955682034334814,33.479916352950724,1.0
gemma,bi,mixed,4,3,60,"[9, 10, 11, 12]",mr,9.757563940479722,13.299551762777694,36.299919159164986,1.0
gemma,bi,mixed,4,4,60,"[9, 10, 11, 12]",en,9.779314600880841,13.187812473153263,34.8541591244586,1.0
gemma,bi,mixed,4,4,60,"[9, 10, 11, 12]",hi,8.207738162919988,10.955682034334814,33.479916352950724,1.0
gemma,bi,mixed,4,4,60,"[9, 10, 11, 12]",mr,9.757563940479722,13.299551762777694,36.299919159164986,1.0
gemma,bi,en,4,0,150,"[10, 11, 12, 23]",en,9.779314600880841,14.49099962857253,48.18011506928408,1.0
gemma,bi,en,4,0,150,"[10, 11, 12, 23]",hi,8.207738162919988,13.541729157032144,64.98734350724627,1.0
gemma,bi,en,4,0,150,"[10, 11, 12, 23]",mr,9.757563940479722,19.118410627335713,95.93425924704495,1.0
gemma,bi,en,4,1,150,"[10, 11, 12, 23]",en,9.779314600880841,14.49099962857253,48.18011506928408,1.0
gemma,bi,en,4,1,150,"[10, 11, 12, 23]",hi,8.207738162919988,13.541729157032144,64.98734350724627,1.0
gemma,bi,en,4,1,150,"[10, 11, 12, 23]",mr,9.757563940479722,19.118410627335713,95.93425924704495,1.0
gemma,bi,en,4,2,150,"[10, 11, 12, 23]",en,9.779314600880841,14.49099962857253,48.18011506928408,1.0
gemma,bi,en,4,2,150,"[10, 11, 12, 23]",hi,8.207738162919988,13.541729157032144,64.98734350724627,1.0
gemma,bi,en,4,2,150,"[10, 11, 12, 23]",mr,9.757563940479722,19.118410627335713,95.93425924704495,1.0
gemma,bi,en,4,3,150,"[10, 11, 12, 23]",en,9.779314600880841,14.49099962857253,48.18011506928408,1.0
gemma,bi,en,4,3,150,"[10, 11, 12, 23]",hi,8.207738162919988,13.541729157032144,64.98734350724627,1.0
gemma,bi,en,4,3,150,"[10, 11, 12, 23]",mr,9.757563940479722,19.118410627335713,95.93425924704495,1.0
gemma,bi,en,4,4,150,"[10, 11, 12, 23]",en,9.779314600880841,14.49099962857253,48.18011506928408,1.0
gemma,bi,en,4,4,150,"[10, 11, 12, 23]",hi,8.207738162919988,13.541729157032144,64.98734350724627,1.0
gemma,bi,en,4,4,150,"[10, 11, 12, 23]",mr,9.757563940479722,19.118410627335713,95.93425924704495,1.0
gemma,bi,hi,4,0,150,"[9, 10, 11, 12]",en,9.779314600880841,13.187812473153263,34.8541591244586,1.0
gemma,bi,hi,4,0,150,"[9, 10, 11, 12]",hi,8.207738162919988,10.955682034334814,33.479916352950724,1.0
gemma,bi,hi,4,0,150,"[9, 10, 11, 12]",mr,9.757563940479722,13.299551762777694,36.299919159164986,1.0
gemma,bi,hi,4,1,150,"[9, 10, 11, 12]",en,9.779314600880841,13.187812473153263,34.8541591244586,1.0
gemma,bi,hi,4,1,150,"[9, 10, 11, 12]",hi,8.207738162919988,10.955682034334814,33.479916352950724,1.0
gemma,bi,hi,4,1,150,"[9, 10, 11, 12]",mr,9.757563940479722,13.299551762777694,36.299919159164986,1.0
gemma,bi,hi,4,2,150,"[9, 10, 11, 12]",en,9.779314600880841,13.187812473153263,34.8541591244586,1.0
gemma,bi,hi,4,2,150,"[9, 10, 11, 12]",hi,8.207738162919988,10.955682034334814,33.479916352950724,1.0
gemma,bi,hi,4,2,150,"[9, 10, 11, 12]",mr,9.757563940479722,13.299551762777694,36.299919159164986,1.0
gemma,bi,hi,4,3,150,"[9, 10, 11, 12]",en,9.779314600880841,13.187812473153263,34.8541591244586,1.0
gemma,bi,hi,4,3,150,"[9, 10, 11, 12]",hi,8.207738162919988,10.955682034334814,33.479916352950724,1.0
gemma,bi,hi,4,3,150,"[9, 10, 11, 12]",mr,9.757563940479722,13.299551762777694,36.299919159164986,1.0
gemma,bi,hi,4,4,150,"[9, 10, 11, 12]",en,9.779314600880841,13.187812473153263,34.8541591244586,1.0
gemma,bi,hi,4,4,150,"[9, 10, 11, 12]",hi,8.207738162919988,10.955682034334814,33.479916352950724,1.0
gemma,bi,hi,4,4,150,"[9, 10, 11, 12]",mr,9.757563940479722,13.299551762777694,36.299919159164986,1.0
gemma,bi,mr,4,0,150,"[9, 10, 11, 12]",en,9.779314600880841,13.187812473153263,34.8541591244586,1.0
gemma,bi,mr,4,0,150,"[9, 10, 11, 12]",hi,8.207738162919988,10.955682034334814,33.479916352950724,1.0
gemma,bi,mr,4,0,150,"[9, 10, 11, 12]",mr,9.757563940479722,13.299551762777694,36.299919159164986,1.0
gemma,bi,mr,4,1,150,"[9, 10, 11, 12]",en,9.779314600880841,13.187812473153263,34.8541591244586,1.0
gemma,bi,mr,4,1,150,"[9, 10, 11, 12]",hi,8.207738162919988,10.955682034334814,33.479916352950724,1.0
gemma,bi,mr,4,1,150,"[9, 10, 11, 12]",mr,9.757563940479722,13.299551762777694,36.299919159164986,1.0
gemma,bi,mr,4,2,150,"[9, 10, 11, 12]",en,9.779314600880841,13.187812473153263,34.8541591244586,1.0
gemma,bi,mr,4,2,150,"[9, 10, 11, 12]",hi,8.207738162919988,10.955682034334814,33.479916352950724,1.0
gemma,bi,mr,4,2,150,"[9, 10, 11, 12]",mr,9.757563940479722,13.299551762777694,36.299919159164986,1.0
gemma,bi,mr,4,3,150,"[9, 10, 11, 12]",en,9.779314600880841,13.187812473153263,34.8541591244586,1.0
gemma,bi,mr,4,3,150,"[9, 10, 11, 12]",hi,8.207738162919988,10.955682034334814,33.479916352950724,1.0
gemma,bi,mr,4,3,150,"[9, 10, 11, 12]",mr,9.757563940479722,13.299551762777694,36.299919159164986,1.0
gemma,bi,mr,4,4,150,"[9, 10, 11, 12]",en,9.779314600880841,13.187812473153263,34.8541591244586,1.0
gemma,bi,mr,4,4,150,"[9, 10, 11, 12]",hi,8.207738162919988,10.955682034334814,33.479916352950724,1.0
gemma,bi,mr,4,4,150,"[9, 10, 11, 12]",mr,9.757563940479722,13.299551762777694,36.299919159164986,1.0
gemma,bi,mixed,4,0,150,"[9, 10, 11, 12]",en,9.779314600880841,13.187812473153263,34.8541591244586,1.0
gemma,bi,mixed,4,0,150,"[9, 10, 11, 12]",hi,8.207738162919988,10.955682034334814,33.479916352950724,1.0
gemma,bi,mixed,4,0,150,"[9, 10, 11, 12]",mr,9.757563940479722,13.299551762777694,36.299919159164986,1.0
gemma,bi,mixed,4,1,150,"[9, 10, 11, 12]",en,9.779314600880841,13.187812473153263,34.8541591244586,1.0
gemma,bi,mixed,4,1,150,"[9, 10, 11, 12]",hi,8.207738162919988,10.955682034334814,33.479916352950724,1.0
gemma,bi,mixed,4,1,150,"[9, 10, 11, 12]",mr,9.757563940479722,13.299551762777694,36.299919159164986,1.0
gemma,bi,mixed,4,2,150,"[9, 10, 11, 12]",en,9.779314600880841,13.187812473153263,34.8541591244586,1.0
gemma,bi,mixed,4,2,150,"[9, 10, 11, 12]",hi,8.207738162919988,10.955682034334814,33.479916352950724,1.0
gemma,bi,mixed,4,2,150,"[9, 10, 11, 12]",mr,9.757563940479722,13.299551762777694,36.299919159164986,1.0
gemma,bi,mixed,4,3,150,"[9, 10, 11, 12]",en,9.779314600880841,13.187812473153263,34.8541591244586,1.0
gemma,bi,mixed,4,3,150,"[9, 10, 11, 12]",hi,8.207738162919988,10.955682034334814,33.479916352950724,1.0
gemma,bi,mixed,4,3,150,"[9, 10, 11, 12]",mr,9.757563940479722,13.299551762777694,36.299919159164986,1.0
gemma,bi,mixed,4,4,150,"[9, 10, 11, 12]",en,9.779314600880841,13.187812473153263,34.8541591244586,1.0
gemma,bi,mixed,4,4,150,"[9, 10, 11, 12]",hi,8.207738162919988,10.955682034334814,33.479916352950724,1.0
gemma,bi,mixed,4,4,150,"[9, 10, 11, 12]",mr,9.757563940479722,13.299551762777694,36.299919159164986,1.0
