calibration,k,budget_chunks,pairwise_jaccard_mean,pairwise_jaccard_std,jaccard_vs_full_pool_mean,n_seeds
en,2,60,1.0,0.0,1.0,5
en,4,60,0.8400000000000001,0.19595917942265426,0.9199999999999999,5
en,6,60,1.0,0.0,1.0,5
hi,2,60,1.0,0.0,1.0,5
hi,4,60,1.0,0.0,1.0,5
hi,6,60,1.0,0.0,1.0,5
mr,2,60,0.7333333333333333,0.3265986323710904,0.8666666666666666,5
mr,4,60,1.0,0.0,1.0,5
mr,6,60,1.0,0.0,1.0,5
mixed,2,60,1.0,0.0,1.0,5
mixed,4,60,1.0,0.0,1.0,5
mixed,6,60,0.8857142857142858,0.13997084244475302,0.9428571428571428,5
